設問ID(半角英数字20文字以内)	チェック設問有無(0:無 1:有)	チェック設問の解答(F06用)	チェック設問の解答(F08用)	チェック設問の解答(F10用)	F01:ラベル	F02:ラベル	F03:リンクボタン（ＵＲＬ）	F04:ラベル	F05:ラベル	F06:セレクトボックス	F07:ラベル	F08:セレクトボックス	F09:ラベル	F10:セレクトボックス	F11:ラベル
8kt6qv	0				ページを開き、課題を完了させてください。	課題の最後に、完了コードが表示されます。	https://kana-task.web.app/transfer_test.html?prod=1&wid=8kt6qv	最後に表示された完了コードを選んでください	完了コード1文字目	0@1@2@3@4@5@6@7@8@9	完了コード2文字目	0@1@2@3@4@5@6@7@8@9	完了コード3文字目	0@1@2@3@4@5@6@7@8@9	
g8g6f4	0				ページを開き、課題を完了させてください。	課題の最後に、完了コードが表示されます。	https://kana-task.web.app/transfer_test.html?prod=1&wid=g8g6f4	最後に表示された完了コードを選んでください	完了コード1文字目	0@1@2@3@4@5@6@7@8@9	完了コード2文字目	0@1@2@3@4@5@6@7@8@9	完了コード3文字目	0@1@2@3@4@5@6@7@8@9	
28zqfg	0				ページを開き、課題を完了させてください。	課題の最後に、完了コードが表示されます。	https://kana-task.web.app/transfer_test.html?prod=1&wid=28zqfg	最後に表示された完了コードを選んでください	完了コード1文字目	0@1@2@3@4@5@6@7@8@9	完了コード2文字目	0@1@2@3@4@5@6@7@8@9	完了コード3文字目	0@1@2@3@4@5@6@7@8@9	
csqxvm	0				ページを開き、課題を完了させてください。	課題の最後に、完了コードが表示されます。	https://kana-task.web.app/transfer_test.html?prod=1&wid=csqxvm	最後に表示された完了コードを選んでください	完了コード1文字目	0@1@2@3@4@5@6@7@8@9	完了コード2文字目	0@1@2@3@4@5@6@7@8@9	完了コード3文字目	0@1@2@3@4@5@6@7@8@9	
jywzvv	0				ページを開き、課題を完了させてください。	課題の最後に、完了コードが表示されます。	https://kana-task.web.app/transfer_test.html?prod=1&wid=jywzvv	最後に表示された完了コードを選んでください	完了コード1文字目	0@1@2@3@4@5@6@7@8@9	完了コード2文字目	0@1@2@3@4@5@6@7@8@9	完了コード3文字目	0@1@2@3@4@5@6@7@8@9	
qhw6yg	0				ページを開き、課題を完了させてください。	課題の最後に、完了コードが表示されます。	https://kana-task.web.app/transfer_test.html?prod=1&wid=qhw6yg	最後に表示された完了コードを選んでください	完了コード1文字目	0@1@2@3@4@5@6@7@8@9	完了コード2文字目	0@1@2@3@4@5@6@7@8@9	完了コード3文字目	0@1@2@3@4@5@6@7@8@9	
avpvcy	0				ページを開き、課題を完了させてください。	課題の最後に、完了コードが表示されます。	https://kana-task.web.app/transfer_test.html?prod=1&wid=avpvcy	最後に表示された完了コードを選んでください	完了コード1文字目	0@1@2@3@4@5@6@7@8@9	完了コード2文字目	0@1@2@3@4@5@6@7@8@9	完了コード3文字目	0@1@2@3@4@5@6@7@8@9	
gs5nhd	0				ページを開き、課題を完了させてください。	課題の最後に、完了コードが表示されます。	https://kana-task.web.app/transfer_test.html?prod=1&wid=gs5nhd	最後に表示された完了コードを選んでください	完了コード1文字目	0@1@2@3@4@5@6@7@8@9	完了コード2文字目	0@1@2@3@4@5@6@7@8@9	完了コード3文字目	0@1@2@3@4@5@6@7@8@9	
ebgx8j	0				ページを開き、課題を完了させてください。	課題の最後に、完了コードが表示されます。	https://kana-task.web.app/transfer_test.html?prod=1&wid=ebgx8j	最後に表示された完了コードを選んでください	完了コード1文字目	0@1@2@3@4@5@6@7@8@9	完了コード2文字目	0@1@2@3@4@5@6@7@8@9	完了コード3文字目	0@1@2@3@4@5@6@7@8@9	
kfh8ac	0				ページを開き、課題を完了させてください。	課題の最後に、完了コードが表示されます。	https://kana-task.web.app/transfer_test.html?prod=1&wid=kfh8ac	最後に表示された完了コードを選んでください	完了コード1文字目	0@1@2@3@4@5@6@7@8@9	完了コード2文字目	0@1@2@3@4@5@6@7@8@9	完了コード3文字目	0@1@2@3@4@5@6@7@8@9	
zryq6k	0				ページを開き、課題を完了させてください。	課題の最後に、完了コードが表示されます。	https://kana-task.web.app/transfer_test.html?prod=1&wid=zryq6k	最後に表示された完了コードを選んでください	完了コード1文字目	0@1@2@3@4@5@6@7@8@9	完了コード2文字目	0@1@2@3@4@5@6@7@8@9	完了コード3文字目	0@1@2@3@4@5@6@7@8@9	
vkwghm	0				ページを開き、課題を完了させてください。	課題の最後に、完了コードが表示されます。	https://kana-task.web.app/transfer_test.html?prod=1&wid=vkwghm	最後に表示された完了コードを選んでください	完了コード1文字目	0@1@2@3@4@5@6@7@8@9	完了コード2文字目	0@1@2@3@4@5@6@7@8@9	完了コード3文字目	0@1@2@3@4@5@6@7@8@9	
9gqpcs	0				ページを開き、課題を完了させてください。	課題の最後に、完了コードが表示されます。	https://kana-task.web.app/transfer_test.html?prod=1&wid=9gqpcs	最後に表示された完了コードを選んでください	完了コード1文字目	0@1@2@3@4@5@6@7@8@9	完了コード2文字目	0@1@2@3@4@5@6@7@8@9	完了コード3文字目	0@1@2@3@4@5@6@7@8@9	
vt2fxb	0				ページを開き、課題を完了させてください。	課題の最後に、完了コードが表示されます。	https://kana-task.web.app/transfer_test.html?prod=1&wid=vt2fxb	最後に表示された完了コードを選んでください	完了コード1文字目	0@1@2@3@4@5@6@7@8@9	完了コード2文字目	0@1@2@3@4@5@6@7@8@9	完了コード3文字目	0@1@2@3@4@5@6@7@8@9	
ajw6h7	0				ページを開き、課題を完了させてください。	課題の最後に、完了コードが表示されます。	https://kana-task.web.app/transfer_test.html?prod=1&wid=ajw6h7	最後に表示された完了コードを選んでください	完了コード1文字目	0@1@2@3@4@5@6@7@8@9	完了コード2文字目	0@1@2@3@4@5@6@7@8@9	完了コード3文字目	0@1@2@3@4@5@6@7@8@9	
7mq7jm	0				ページを開き、課題を完了させてください。	課題の最後に、完了コードが表示されます。	https://kana-task.web.app/transfer_test.html?prod=1&wid=7mq7jm	最後に表示された完了コードを選んでください	完了コード1文字目	0@1@2@3@4@5@6@7@8@9	完了コード2文字目	0@1@2@3@4@5@6@7@8@9	完了コード3文字目	0@1@2@3@4@5@6@7@8@9	
k5e3bu	0				ページを開き、課題を完了させてください。	課題の最後に、完了コードが表示されます。	https://kana-task.web.app/transfer_test.html?prod=1&wid=k5e3bu	最後に表示された完了コードを選んでください	完了コード1文字目	0@1@2@3@4@5@6@7@8@9	完了コード2文字目	0@1@2@3@4@5@6@7@8@9	完了コード3文字目	0@1@2@3@4@5@6@7@8@9	
vy429x	0				ページを開き、課題を完了させてください。	課題の最後に、完了コードが表示されます。	https://kana-task.web.app/transfer_test.html?prod=1&wid=vy429x	最後に表示された完了コードを選んでください	完了コード1文字目	0@1@2@3@4@5@6@7@8@9	完了コード2文字目	0@1@2@3@4@5@6@7@8@9	完了コード3文字目	0@1@2@3@4@5@6@7@8@9	
4pqdrg	0				ページを開き、課題を完了させてください。	課題の最後に、完了コードが表示されます。	https://kana-task.web.app/transfer_test.html?prod=1&wid=4pqdrg	最後に表示された完了コードを選んでください	完了コード1文字目	0@1@2@3@4@5@6@7@8@9	完了コード2文字目	0@1@2@3@4@5@6@7@8@9	完了コード3文字目	0@1@2@3@4@5@6@7@8@9	
jnqdm4	0				ページを開き、課題を完了させてください。	課題の最後に、完了コードが表示されます。	https://kana-task.web.app/transfer_test.html?prod=1&wid=jnqdm4	最後に表示された完了コードを選んでください	完了コード1文字目	0@1@2@3@4@5@6@7@8@9	完了コード2文字目	0@1@2@3@4@5@6@7@8@9	完了コード3文字目	0@1@2@3@4@5@6@7@8@9	
gu5waw	0				ページを開き、課題を完了させてください。	課題の最後に、完了コードが表示されます。	https://kana-task.web.app/transfer_test.html?prod=1&wid=gu5waw	最後に表示された完了コードを選んでください	完了コード1文字目	0@1@2@3@4@5@6@7@8@9	完了コード2文字目	0@1@2@3@4@5@6@7@8@9	完了コード3文字目	0@1@2@3@4@5@6@7@8@9	
xd9453	0				ページを開き、課題を完了させてください。	課題の最後に、完了コードが表示されます。	https://kana-task.web.app/transfer_test.html?prod=1&wid=xd9453	最後に表示された完了コードを選んでください	完了コード1文字目	0@1@2@3@4@5@6@7@8@9	完了コード2文字目	0@1@2@3@4@5@6@7@8@9	完了コード3文字目	0@1@2@3@4@5@6@7@8@9	
b229yp	0				ページを開き、課題を完了させてください。	課題の最後に、完了コードが表示されます。	https://kana-task.web.app/transfer_test.html?prod=1&wid=b229yp	最後に表示された完了コードを選んでください	完了コード1文字目	0@1@2@3@4@5@6@7@8@9	完了コード2文字目	0@1@2@3@4@5@6@7@8@9	完了コード3文字目	0@1@2@3@4@5@6@7@8@9	
d4uqhd	0				ページを開き、課題を完了させてください。	課題の最後に、完了コードが表示されます。	https://kana-task.web.app/transfer_test.html?prod=1&wid=d4uqhd	最後に表示された完了コードを選んでください	完了コード1文字目	0@1@2@3@4@5@6@7@8@9	完了コード2文字目	0@1@2@3@4@5@6@7@8@9	完了コード3文字目	0@1@2@3@4@5@6@7@8@9	
e2t6h8	0				ページを開き、課題を完了させてください。	課題の最後に、完了コードが表示されます。	https://kana-task.web.app/transfer_test.html?prod=1&wid=e2t6h8	最後に表示された完了コードを選んでください	完了コード1文字目	0@1@2@3@4@5@6@7@8@9	完了コード2文字目	0@1@2@3@4@5@6@7@8@9	完了コード3文字目	0@1@2@3@4@5@6@7@8@9	
qh7jn3	0				ページを開き、課題を完了させてください。	課題の最後に、完了コードが表示されます。	https://kana-task.web.app/transfer_test.html?prod=1&wid=qh7jn3	最後に表示された完了コードを選んでください	完了コード1文字目	0@1@2@3@4@5@6@7@8@9	完了コード2文字目	0@1@2@3@4@5@6@7@8@9	完了コード3文字目	0@1@2@3@4@5@6@7@8@9	
db3mw8	0				ページを開き、課題を完了させてください。	課題の最後に、完了コードが表示されます。	https://kana-task.web.app/transfer_test.html?prod=1&wid=db3mw8	最後に表示された完了コードを選んでください	完了コード1文字目	0@1@2@3@4@5@6@7@8@9	完了コード2文字目	0@1@2@3@4@5@6@7@8@9	完了コード3文字目	0@1@2@3@4@5@6@7@8@9	
n7n3jk	0				ページを開き、課題を完了させてください。	課題の最後に、完了コードが表示されます。	https://kana-task.web.app/transfer_test.html?prod=1&wid=n7n3jk	最後に表示された完了コードを選んでください	完了コード1文字目	0@1@2@3@4@5@6@7@8@9	完了コード2文字目	0@1@2@3@4@5@6@7@8@9	完了コード3文字目	0@1@2@3@4@5@6@7@8@9	
b86pks	0				ページを開き、課題を完了させてください。	課題の最後に、完了コードが表示されます。	https://kana-task.web.app/transfer_test.html?prod=1&wid=b86pks	最後に表示された完了コードを選んでください	完了コード1文字目	0@1@2@3@4@5@6@7@8@9	完了コード2文字目	0@1@2@3@4@5@6@7@8@9	完了コード3文字目	0@1@2@3@4@5@6@7@8@9	
dfx86p	0				ページを開き、課題を完了させてください。	課題の最後に、完了コードが表示されます。	https://kana-task.web.app/transfer_test.html?prod=1&wid=dfx86p	最後に表示された完了コードを選んでください	完了コード1文字目	0@1@2@3@4@5@6@7@8@9	完了コード2文字目	0@1@2@3@4@5@6@7@8@9	完了コード3文字目	0@1@2@3@4@5@6@7@8@9	
hyc3hj	0				ページを開き、課題を完了させてください。	課題の最後に、完了コードが表示されます。	https://kana-task.web.app/transfer_test.html?prod=1&wid=hyc3hj	最後に表示された完了コードを選んでください	完了コード1文字目	0@1@2@3@4@5@6@7@8@9	完了コード2文字目	0@1@2@3@4@5@6@7@8@9	完了コード3文字目	0@1@2@3@4@5@6@7@8@9	
5jc2rw	0				ページを開き、課題を完了させてください。	課題の最後に、完了コードが表示されます。	https://kana-task.web.app/transfer_test.html?prod=1&wid=5jc2rw	最後に表示された完了コードを選んでください	完了コード1文字目	0@1@2@3@4@5@6@7@8@9	完了コード2文字目	0@1@2@3@4@5@6@7@8@9	完了コード3文字目	0@1@2@3@4@5@6@7@8@9	
sfp7nc	0				ページを開き、課題を完了させてください。	課題の最後に、完了コードが表示されます。	https://kana-task.web.app/transfer_test.html?prod=1&wid=sfp7nc	最後に表示された完了コードを選んでください	完了コード1文字目	0@1@2@3@4@5@6@7@8@9	完了コード2文字目	0@1@2@3@4@5@6@7@8@9	完了コード3文字目	0@1@2@3@4@5@6@7@8@9	
4hb7pd	0				ページを開き、課題を完了させてください。	課題の最後に、完了コードが表示されます。	https://kana-task.web.app/transfer_test.html?prod=1&wid=4hb7pd	最後に表示された完了コードを選んでください	完了コード1文字目	0@1@2@3@4@5@6@7@8@9	完了コード2文字目	0@1@2@3@4@5@6@7@8@9	完了コード3文字目	0@1@2@3@4@5@6@7@8@9	
eyh9fg	0				ページを開き、課題を完了させてください。	課題の最後に、完了コードが表示されます。	https://kana-task.web.app/transfer_test.html?prod=1&wid=eyh9fg	最後に表示された完了コードを選んでください	完了コード1文字目	0@1@2@3@4@5@6@7@8@9	完了コード2文字目	0@1@2@3@4@5@6@7@8@9	完了コード3文字目	0@1@2@3@4@5@6@7@8@9	
u7jhjp	0				ページを開き、課題を完了させてください。	課題の最後に、完了コードが表示されます。	https://kana-task.web.app/transfer_test.html?prod=1&wid=u7jhjp	最後に表示された完了コードを選んでください	完了コード1文字目	0@1@2@3@4@5@6@7@8@9	完了コード2文字目	0@1@2@3@4@5@6@7@8@9	完了コード3文字目	0@1@2@3@4@5@6@7@8@9	
ypm7d7	0				ページを開き、課題を完了させてください。	課題の最後に、完了コードが表示されます。	https://kana-task.web.app/transfer_test.html?prod=1&wid=ypm7d7	最後に表示された完了コードを選んでください	完了コード1文字目	0@1@2@3@4@5@6@7@8@9	完了コード2文字目	0@1@2@3@4@5@6@7@8@9	完了コード3文字目	0@1@2@3@4@5@6@7@8@9	
7rzz4a	0				ページを開き、課題を完了させてください。	課題の最後に、完了コードが表示されます。	https://kana-task.web.app/transfer_test.html?prod=1&wid=7rzz4a	最後に表示された完了コードを選んでください	完了コード1文字目	0@1@2@3@4@5@6@7@8@9	完了コード2文字目	0@1@2@3@4@5@6@7@8@9	完了コード3文字目	0@1@2@3@4@5@6@7@8@9	
drshdd	0				ページを開き、課題を完了させてください。	課題の最後に、完了コードが表示されます。	https://kana-task.web.app/transfer_test.html?prod=1&wid=drshdd	最後に表示された完了コードを選んでください	完了コード1文字目	0@1@2@3@4@5@6@7@8@9	完了コード2文字目	0@1@2@3@4@5@6@7@8@9	完了コード3文字目	0@1@2@3@4@5@6@7@8@9	
xjfbpa	0				ページを開き、課題を完了させてください。	課題の最後に、完了コードが表示されます。	https://kana-task.web.app/transfer_test.html?prod=1&wid=xjfbpa	最後に表示された完了コードを選んでください	完了コード1文字目	0@1@2@3@4@5@6@7@8@9	完了コード2文字目	0@1@2@3@4@5@6@7@8@9	完了コード3文字目	0@1@2@3@4@5@6@7@8@9	
u3aexf	0				ページを開き、課題を完了させてください。	課題の最後に、完了コードが表示されます。	https://kana-task.web.app/transfer_test.html?prod=1&wid=u3aexf	最後に表示された完了コードを選んでください	完了コード1文字目	0@1@2@3@4@5@6@7@8@9	完了コード2文字目	0@1@2@3@4@5@6@7@8@9	完了コード3文字目	0@1@2@3@4@5@6@7@8@9	
6zsnyf	0				ページを開き、課題を完了させてください。	課題の最後に、完了コードが表示されます。	https://kana-task.web.app/transfer_test.html?prod=1&wid=6zsnyf	最後に表示された完了コードを選んでください	完了コード1文字目	0@1@2@3@4@5@6@7@8@9	完了コード2文字目	0@1@2@3@4@5@6@7@8@9	完了コード3文字目	0@1@2@3@4@5@6@7@8@9	
rgkjve	0				ページを開き、課題を完了させてください。	課題の最後に、完了コードが表示されます。	https://kana-task.web.app/transfer_test.html?prod=1&wid=rgkjve	最後に表示された完了コードを選んでください	完了コード1文字目	0@1@2@3@4@5@6@7@8@9	完了コード2文字目	0@1@2@3@4@5@6@7@8@9	完了コード3文字目	0@1@2@3@4@5@6@7@8@9	
xf27nm	0				ページを開き、課題を完了させてください。	課題の最後に、完了コードが表示されます。	https://kana-task.web.app/transfer_test.html?prod=1&wid=xf27nm	最後に表示された完了コードを選んでください	完了コード1文字目	0@1@2@3@4@5@6@7@8@9	完了コード2文字目	0@1@2@3@4@5@6@7@8@9	完了コード3文字目	0@1@2@3@4@5@6@7@8@9	
brcpkn	0				ページを開き、課題を完了させてください。	課題の最後に、完了コードが表示されます。	https://kana-task.web.app/transfer_test.html?prod=1&wid=brcpkn	最後に表示された完了コードを選んでください	完了コード1文字目	0@1@2@3@4@5@6@7@8@9	完了コード2文字目	0@1@2@3@4@5@6@7@8@9	完了コード3文字目	0@1@2@3@4@5@6@7@8@9	
rdz7mp	0				ページを開き、課題を完了させてください。	課題の最後に、完了コードが表示されます。	https://kana-task.web.app/transfer_test.html?prod=1&wid=rdz7mp	最後に表示された完了コードを選んでください	完了コード1文字目	0@1@2@3@4@5@6@7@8@9	完了コード2文字目	0@1@2@3@4@5@6@7@8@9	完了コード3文字目	0@1@2@3@4@5@6@7@8@9	
zuxjet	0				ページを開き、課題を完了させてください。	課題の最後に、完了コードが表示されます。	https://kana-task.web.app/transfer_test.html?prod=1&wid=zuxjet	最後に表示された完了コードを選んでください	完了コード1文字目	0@1@2@3@4@5@6@7@8@9	完了コード2文字目	0@1@2@3@4@5@6@7@8@9	完了コード3文字目	0@1@2@3@4@5@6@7@8@9	
qudcmj	0				ページを開き、課題を完了させてください。	課題の最後に、完了コードが表示されます。	https://kana-task.web.app/transfer_test.html?prod=1&wid=qudcmj	最後に表示された完了コードを選んでください	完了コード1文字目	0@1@2@3@4@5@6@7@8@9	完了コード2文字目	0@1@2@3@4@5@6@7@8@9	完了コード3文字目	0@1@2@3@4@5@6@7@8@9	
4vxm44	0				ページを開き、課題を完了させてください。	課題の最後に、完了コードが表示されます。	https://kana-task.web.app/transfer_test.html?prod=1&wid=4vxm44	最後に表示された完了コードを選んでください	完了コード1文字目	0@1@2@3@4@5@6@7@8@9	完了コード2文字目	0@1@2@3@4@5@6@7@8@9	完了コード3文字目	0@1@2@3@4@5@6@7@8@9	
54f364	0				ページを開き、課題を完了させてください。	課題の最後に、完了コードが表示されます。	https://kana-task.web.app/transfer_test.html?prod=1&wid=54f364	最後に表示された完了コードを選んでください	完了コード1文字目	0@1@2@3@4@5@6@7@8@9	完了コード2文字目	0@1@2@3@4@5@6@7@8@9	完了コード3文字目	0@1@2@3@4@5@6@7@8@9	
h2qpm6	0				ページを開き、課題を完了させてください。	課題の最後に、完了コードが表示されます。	https://kana-task.web.app/transfer_test.html?prod=1&wid=h2qpm6	最後に表示された完了コードを選んでください	完了コード1文字目	0@1@2@3@4@5@6@7@8@9	完了コード2文字目	0@1@2@3@4@5@6@7@8@9	完了コード3文字目	0@1@2@3@4@5@6@7@8@9	
z6359v	0				ページを開き、課題を完了させてください。	課題の最後に、完了コードが表示されます。	https://kana-task.web.app/transfer_test.html?prod=1&wid=z6359v	最後に表示された完了コードを選んでください	完了コード1文字目	0@1@2@3@4@5@6@7@8@9	完了コード2文字目	0@1@2@3@4@5@6@7@8@9	完了コード3文字目	0@1@2@3@4@5@6@7@8@9	
ptx3jq	0				ページを開き、課題を完了させてください。	課題の最後に、完了コードが表示されます。	https://kana-task.web.app/transfer_test.html?prod=1&wid=ptx3jq	最後に表示された完了コードを選んでください	完了コード1文字目	0@1@2@3@4@5@6@7@8@9	完了コード2文字目	0@1@2@3@4@5@6@7@8@9	完了コード3文字目	0@1@2@3@4@5@6@7@8@9	
m5sxce	0				ページを開き、課題を完了させてください。	課題の最後に、完了コードが表示されます。	https://kana-task.web.app/transfer_test.html?prod=1&wid=m5sxce	最後に表示された完了コードを選んでください	完了コード1文字目	0@1@2@3@4@5@6@7@8@9	完了コード2文字目	0@1@2@3@4@5@6@7@8@9	完了コード3文字目	0@1@2@3@4@5@6@7@8@9	
xwncbc	0				ページを開き、課題を完了させてください。	課題の最後に、完了コードが表示されます。	https://kana-task.web.app/transfer_test.html?prod=1&wid=xwncbc	最後に表示された完了コードを選んでください	完了コード1文字目	0@1@2@3@4@5@6@7@8@9	完了コード2文字目	0@1@2@3@4@5@6@7@8@9	完了コード3文字目	0@1@2@3@4@5@6@7@8@9	
eb466s	0				ページを開き、課題を完了させてください。	課題の最後に、完了コードが表示されます。	https://kana-task.web.app/transfer_test.html?prod=1&wid=eb466s	最後に表示された完了コードを選んでください	完了コード1文字目	0@1@2@3@4@5@6@7@8@9	完了コード2文字目	0@1@2@3@4@5@6@7@8@9	完了コード3文字目	0@1@2@3@4@5@6@7@8@9	
pubbw4	0				ページを開き、課題を完了させてください。	課題の最後に、完了コードが表示されます。	https://kana-task.web.app/transfer_test.html?prod=1&wid=pubbw4	最後に表示された完了コードを選んでください	完了コード1文字目	0@1@2@3@4@5@6@7@8@9	完了コード2文字目	0@1@2@3@4@5@6@7@8@9	完了コード3文字目	0@1@2@3@4@5@6@7@8@9	
g79uaj	0				ページを開き、課題を完了させてください。	課題の最後に、完了コードが表示されます。	https://kana-task.web.app/transfer_test.html?prod=1&wid=g79uaj	最後に表示された完了コードを選んでください	完了コード1文字目	0@1@2@3@4@5@6@7@8@9	完了コード2文字目	0@1@2@3@4@5@6@7@8@9	完了コード3文字目	0@1@2@3@4@5@6@7@8@9	
qmrybf	0				ページを開き、課題を完了させてください。	課題の最後に、完了コードが表示されます。	https://kana-task.web.app/transfer_test.html?prod=1&wid=qmrybf	最後に表示された完了コードを選んでください	完了コード1文字目	0@1@2@3@4@5@6@7@8@9	完了コード2文字目	0@1@2@3@4@5@6@7@8@9	完了コード3文字目	0@1@2@3@4@5@6@7@8@9	
zhj4k9	0				ページを開き、課題を完了させてください。	課題の最後に、完了コードが表示されます。	https://kana-task.web.app/transfer_test.html?prod=1&wid=zhj4k9	最後に表示された完了コードを選んでください	完了コード1文字目	0@1@2@3@4@5@6@7@8@9	完了コード2文字目	0@1@2@3@4@5@6@7@8@9	完了コード3文字目	0@1@2@3@4@5@6@7@8@9	
b7amqn	0				ページを開き、課題を完了させてください。	課題の最後に、完了コードが表示されます。	https://kana-task.web.app/transfer_test.html?prod=1&wid=b7amqn	最後に表示された完了コードを選んでください	完了コード1文字目	0@1@2@3@4@5@6@7@8@9	完了コード2文字目	0@1@2@3@4@5@6@7@8@9	完了コード3文字目	0@1@2@3@4@5@6@7@8@9	
fup44z	0				ページを開き、課題を完了させてください。	課題の最後に、完了コードが表示されます。	https://kana-task.web.app/transfer_test.html?prod=1&wid=fup44z	最後に表示された完了コードを選んでください	完了コード1文字目	0@1@2@3@4@5@6@7@8@9	完了コード2文字目	0@1@2@3@4@5@6@7@8@9	完了コード3文字目	0@1@2@3@4@5@6@7@8@9	
g7uz69	0				ページを開き、課題を完了させてください。	課題の最後に、完了コードが表示されます。	https://kana-task.web.app/transfer_test.html?prod=1&wid=g7uz69	最後に表示された完了コードを選んでください	完了コード1文字目	0@1@2@3@4@5@6@7@8@9	完了コード2文字目	0@1@2@3@4@5@6@7@8@9	完了コード3文字目	0@1@2@3@4@5@6@7@8@9	
gg3vsd	0				ページを開き、課題を完了させてください。	課題の最後に、完了コードが表示されます。	https://kana-task.web.app/transfer_test.html?prod=1&wid=gg3vsd	最後に表示された完了コードを選んでください	完了コード1文字目	0@1@2@3@4@5@6@7@8@9	完了コード2文字目	0@1@2@3@4@5@6@7@8@9	完了コード3文字目	0@1@2@3@4@5@6@7@8@9	
hbux32	0				ページを開き、課題を完了させてください。	課題の最後に、完了コードが表示されます。	https://kana-task.web.app/transfer_test.html?prod=1&wid=hbux32	最後に表示された完了コードを選んでください	完了コード1文字目	0@1@2@3@4@5@6@7@8@9	完了コード2文字目	0@1@2@3@4@5@6@7@8@9	完了コード3文字目	0@1@2@3@4@5@6@7@8@9	
8wwfzs	0				ページを開き、課題を完了させてください。	課題の最後に、完了コードが表示されます。	https://kana-task.web.app/transfer_test.html?prod=1&wid=8wwfzs	最後に表示された完了コードを選んでください	完了コード1文字目	0@1@2@3@4@5@6@7@8@9	完了コード2文字目	0@1@2@3@4@5@6@7@8@9	完了コード3文字目	0@1@2@3@4@5@6@7@8@9	
5hh5bh	0				ページを開き、課題を完了させてください。	課題の最後に、完了コードが表示されます。	https://kana-task.web.app/transfer_test.html?prod=1&wid=5hh5bh	最後に表示された完了コードを選んでください	完了コード1文字目	0@1@2@3@4@5@6@7@8@9	完了コード2文字目	0@1@2@3@4@5@6@7@8@9	完了コード3文字目	0@1@2@3@4@5@6@7@8@9	
ay3vrr	0				ページを開き、課題を完了させてください。	課題の最後に、完了コードが表示されます。	https://kana-task.web.app/transfer_test.html?prod=1&wid=ay3vrr	最後に表示された完了コードを選んでください	完了コード1文字目	0@1@2@3@4@5@6@7@8@9	完了コード2文字目	0@1@2@3@4@5@6@7@8@9	完了コード3文字目	0@1@2@3@4@5@6@7@8@9	
uad53x	0				ページを開き、課題を完了させてください。	課題の最後に、完了コードが表示されます。	https://kana-task.web.app/transfer_test.html?prod=1&wid=uad53x	最後に表示された完了コードを選んでください	完了コード1文字目	0@1@2@3@4@5@6@7@8@9	完了コード2文字目	0@1@2@3@4@5@6@7@8@9	完了コード3文字目	0@1@2@3@4@5@6@7@8@9	
zqpfdt	0				ページを開き、課題を完了させてください。	課題の最後に、完了コードが表示されます。	https://kana-task.web.app/transfer_test.html?prod=1&wid=zqpfdt	最後に表示された完了コードを選んでください	完了コード1文字目	0@1@2@3@4@5@6@7@8@9	完了コード2文字目	0@1@2@3@4@5@6@7@8@9	完了コード3文字目	0@1@2@3@4@5@6@7@8@9	
je9e87	0				ページを開き、課題を完了させてください。	課題の最後に、完了コードが表示されます。	https://kana-task.web.app/transfer_test.html?prod=1&wid=je9e87	最後に表示された完了コードを選んでください	完了コード1文字目	0@1@2@3@4@5@6@7@8@9	完了コード2文字目	0@1@2@3@4@5@6@7@8@9	完了コード3文字目	0@1@2@3@4@5@6@7@8@9	
ragrww	0				ページを開き、課題を完了させてください。	課題の最後に、完了コードが表示されます。	https://kana-task.web.app/transfer_test.html?prod=1&wid=ragrww	最後に表示された完了コードを選んでください	完了コード1文字目	0@1@2@3@4@5@6@7@8@9	完了コード2文字目	0@1@2@3@4@5@6@7@8@9	完了コード3文字目	0@1@2@3@4@5@6@7@8@9	
atkmb3	0				ページを開き、課題を完了させてください。	課題の最後に、完了コードが表示されます。	https://kana-task.web.app/transfer_test.html?prod=1&wid=atkmb3	最後に表示された完了コードを選んでください	完了コード1文字目	0@1@2@3@4@5@6@7@8@9	完了コード2文字目	0@1@2@3@4@5@6@7@8@9	完了コード3文字目	0@1@2@3@4@5@6@7@8@9	
mmy4ep	0				ページを開き、課題を完了させてください。	課題の最後に、完了コードが表示されます。	https://kana-task.web.app/transfer_test.html?prod=1&wid=mmy4ep	最後に表示された完了コードを選んでください	完了コード1文字目	0@1@2@3@4@5@6@7@8@9	完了コード2文字目	0@1@2@3@4@5@6@7@8@9	完了コード3文字目	0@1@2@3@4@5@6@7@8@9	
q2zns3	0				ページを開き、課題を完了させてください。	課題の最後に、完了コードが表示されます。	https://kana-task.web.app/transfer_test.html?prod=1&wid=q2zns3	最後に表示された完了コードを選んでください	完了コード1文字目	0@1@2@3@4@5@6@7@8@9	完了コード2文字目	0@1@2@3@4@5@6@7@8@9	完了コード3文字目	0@1@2@3@4@5@6@7@8@9	
gjyhye	0				ページを開き、課題を完了させてください。	課題の最後に、完了コードが表示されます。	https://kana-task.web.app/transfer_test.html?prod=1&wid=gjyhye	最後に表示された完了コードを選んでください	完了コード1文字目	0@1@2@3@4@5@6@7@8@9	完了コード2文字目	0@1@2@3@4@5@6@7@8@9	完了コード3文字目	0@1@2@3@4@5@6@7@8@9	
vs7tb6	0				ページを開き、課題を完了させてください。	課題の最後に、完了コードが表示されます。	https://kana-task.web.app/transfer_test.html?prod=1&wid=vs7tb6	最後に表示された完了コードを選んでください	完了コード1文字目	0@1@2@3@4@5@6@7@8@9	完了コード2文字目	0@1@2@3@4@5@6@7@8@9	完了コード3文字目	0@1@2@3@4@5@6@7@8@9	
2asm2t	0				ページを開き、課題を完了させてください。	課題の最後に、完了コードが表示されます。	https://kana-task.web.app/transfer_test.html?prod=1&wid=2asm2t	最後に表示された完了コードを選んでください	完了コード1文字目	0@1@2@3@4@5@6@7@8@9	完了コード2文字目	0@1@2@3@4@5@6@7@8@9	完了コード3文字目	0@1@2@3@4@5@6@7@8@9	
zmbrv9	0				ページを開き、課題を完了させてください。	課題の最後に、完了コードが表示されます。	https://kana-task.web.app/transfer_test.html?prod=1&wid=zmbrv9	最後に表示された完了コードを選んでください	完了コード1文字目	0@1@2@3@4@5@6@7@8@9	完了コード2文字目	0@1@2@3@4@5@6@7@8@9	完了コード3文字目	0@1@2@3@4@5@6@7@8@9	
3yfzez	0				ページを開き、課題を完了させてください。	課題の最後に、完了コードが表示されます。	https://kana-task.web.app/transfer_test.html?prod=1&wid=3yfzez	最後に表示された完了コードを選んでください	完了コード1文字目	0@1@2@3@4@5@6@7@8@9	完了コード2文字目	0@1@2@3@4@5@6@7@8@9	完了コード3文字目	0@1@2@3@4@5@6@7@8@9	
m3pr96	0				ページを開き、課題を完了させてください。	課題の最後に、完了コードが表示されます。	https://kana-task.web.app/transfer_test.html?prod=1&wid=m3pr96	最後に表示された完了コードを選んでください	完了コード1文字目	0@1@2@3@4@5@6@7@8@9	完了コード2文字目	0@1@2@3@4@5@6@7@8@9	完了コード3文字目	0@1@2@3@4@5@6@7@8@9	
9batpf	0				ページを開き、課題を完了させてください。	課題の最後に、完了コードが表示されます。	https://kana-task.web.app/transfer_test.html?prod=1&wid=9batpf	最後に表示された完了コードを選んでください	完了コード1文字目	0@1@2@3@4@5@6@7@8@9	完了コード2文字目	0@1@2@3@4@5@6@7@8@9	完了コード3文字目	0@1@2@3@4@5@6@7@8@9	
d9be9z	0				ページを開き、課題を完了させてください。	課題の最後に、完了コードが表示されます。	https://kana-task.web.app/transfer_test.html?prod=1&wid=d9be9z	最後に表示された完了コードを選んでください	完了コード1文字目	0@1@2@3@4@5@6@7@8@9	完了コード2文字目	0@1@2@3@4@5@6@7@8@9	完了コード3文字目	0@1@2@3@4@5@6@7@8@9	
27h3fx	0				ページを開き、課題を完了させてください。	課題の最後に、完了コードが表示されます。	https://kana-task.web.app/transfer_test.html?prod=1&wid=27h3fx	最後に表示された完了コードを選んでください	完了コード1文字目	0@1@2@3@4@5@6@7@8@9	完了コード2文字目	0@1@2@3@4@5@6@7@8@9	完了コード3文字目	0@1@2@3@4@5@6@7@8@9	
tuy4pt	0				ページを開き、課題を完了させてください。	課題の最後に、完了コードが表示されます。	https://kana-task.web.app/transfer_test.html?prod=1&wid=tuy4pt	最後に表示された完了コードを選んでください	完了コード1文字目	0@1@2@3@4@5@6@7@8@9	完了コード2文字目	0@1@2@3@4@5@6@7@8@9	完了コード3文字目	0@1@2@3@4@5@6@7@8@9	
sumpr8	0				ページを開き、課題を完了させてください。	課題の最後に、完了コードが表示されます。	https://kana-task.web.app/transfer_test.html?prod=1&wid=sumpr8	最後に表示された完了コードを選んでください	完了コード1文字目	0@1@2@3@4@5@6@7@8@9	完了コード2文字目	0@1@2@3@4@5@6@7@8@9	完了コード3文字目	0@1@2@3@4@5@6@7@8@9	
52bu65	0				ページを開き、課題を完了させてください。	課題の最後に、完了コードが表示されます。	https://kana-task.web.app/transfer_test.html?prod=1&wid=52bu65	最後に表示された完了コードを選んでください	完了コード1文字目	0@1@2@3@4@5@6@7@8@9	完了コード2文字目	0@1@2@3@4@5@6@7@8@9	完了コード3文字目	0@1@2@3@4@5@6@7@8@9	
4ufz5m	0				ページを開き、課題を完了させてください。	課題の最後に、完了コードが表示されます。	https://kana-task.web.app/transfer_test.html?prod=1&wid=4ufz5m	最後に表示された完了コードを選んでください	完了コード1文字目	0@1@2@3@4@5@6@7@8@9	完了コード2文字目	0@1@2@3@4@5@6@7@8@9	完了コード3文字目	0@1@2@3@4@5@6@7@8@9	
kz5wy8	0				ページを開き、課題を完了させてください。	課題の最後に、完了コードが表示されます。	https://kana-task.web.app/transfer_test.html?prod=1&wid=kz5wy8	最後に表示された完了コードを選んでください	完了コード1文字目	0@1@2@3@4@5@6@7@8@9	完了コード2文字目	0@1@2@3@4@5@6@7@8@9	完了コード3文字目	0@1@2@3@4@5@6@7@8@9	
4k386m	0				ページを開き、課題を完了させてください。	課題の最後に、完了コードが表示されます。	https://kana-task.web.app/transfer_test.html?prod=1&wid=4k386m	最後に表示された完了コードを選んでください	完了コード1文字目	0@1@2@3@4@5@6@7@8@9	完了コード2文字目	0@1@2@3@4@5@6@7@8@9	完了コード3文字目	0@1@2@3@4@5@6@7@8@9	
5d3udv	0				ページを開き、課題を完了させてください。	課題の最後に、完了コードが表示されます。	https://kana-task.web.app/transfer_test.html?prod=1&wid=5d3udv	最後に表示された完了コードを選んでください	完了コード1文字目	0@1@2@3@4@5@6@7@8@9	完了コード2文字目	0@1@2@3@4@5@6@7@8@9	完了コード3文字目	0@1@2@3@4@5@6@7@8@9	
k8ng58	0				ページを開き、課題を完了させてください。	課題の最後に、完了コードが表示されます。	https://kana-task.web.app/transfer_test.html?prod=1&wid=k8ng58	最後に表示された完了コードを選んでください	完了コード1文字目	0@1@2@3@4@5@6@7@8@9	完了コード2文字目	0@1@2@3@4@5@6@7@8@9	完了コード3文字目	0@1@2@3@4@5@6@7@8@9	
67kye5	0				ページを開き、課題を完了させてください。	課題の最後に、完了コードが表示されます。	https://kana-task.web.app/transfer_test.html?prod=1&wid=67kye5	最後に表示された完了コードを選んでください	完了コード1文字目	0@1@2@3@4@5@6@7@8@9	完了コード2文字目	0@1@2@3@4@5@6@7@8@9	完了コード3文字目	0@1@2@3@4@5@6@7@8@9	
vaqqh7	0				ページを開き、課題を完了させてください。	課題の最後に、完了コードが表示されます。	https://kana-task.web.app/transfer_test.html?prod=1&wid=vaqqh7	最後に表示された完了コードを選んでください	完了コード1文字目	0@1@2@3@4@5@6@7@8@9	完了コード2文字目	0@1@2@3@4@5@6@7@8@9	完了コード3文字目	0@1@2@3@4@5@6@7@8@9	
snmyf7	0				ページを開き、課題を完了させてください。	課題の最後に、完了コードが表示されます。	https://kana-task.web.app/transfer_test.html?prod=1&wid=snmyf7	最後に表示された完了コードを選んでください	完了コード1文字目	0@1@2@3@4@5@6@7@8@9	完了コード2文字目	0@1@2@3@4@5@6@7@8@9	完了コード3文字目	0@1@2@3@4@5@6@7@8@9	
9gpuax	0				ページを開き、課題を完了させてください。	課題の最後に、完了コードが表示されます。	https://kana-task.web.app/transfer_test.html?prod=1&wid=9gpuax	最後に表示された完了コードを選んでください	完了コード1文字目	0@1@2@3@4@5@6@7@8@9	完了コード2文字目	0@1@2@3@4@5@6@7@8@9	完了コード3文字目	0@1@2@3@4@5@6@7@8@9	
85z5mx	0				ページを開き、課題を完了させてください。	課題の最後に、完了コードが表示されます。	https://kana-task.web.app/transfer_test.html?prod=1&wid=85z5mx	最後に表示された完了コードを選んでください	完了コード1文字目	0@1@2@3@4@5@6@7@8@9	完了コード2文字目	0@1@2@3@4@5@6@7@8@9	完了コード3文字目	0@1@2@3@4@5@6@7@8@9	
7wd63d	0				ページを開き、課題を完了させてください。	課題の最後に、完了コードが表示されます。	https://kana-task.web.app/transfer_test.html?prod=1&wid=7wd63d	最後に表示された完了コードを選んでください	完了コード1文字目	0@1@2@3@4@5@6@7@8@9	完了コード2文字目	0@1@2@3@4@5@6@7@8@9	完了コード3文字目	0@1@2@3@4@5@6@7@8@9	
dmmzb4	0				ページを開き、課題を完了させてください。	課題の最後に、完了コードが表示されます。	https://kana-task.web.app/transfer_test.html?prod=1&wid=dmmzb4	最後に表示された完了コードを選んでください	完了コード1文字目	0@1@2@3@4@5@6@7@8@9	完了コード2文字目	0@1@2@3@4@5@6@7@8@9	完了コード3文字目	0@1@2@3@4@5@6@7@8@9	
tuheks	0				ページを開き、課題を完了させてください。	課題の最後に、完了コードが表示されます。	https://kana-task.web.app/transfer_test.html?prod=1&wid=tuheks	最後に表示された完了コードを選んでください	完了コード1文字目	0@1@2@3@4@5@6@7@8@9	完了コード2文字目	0@1@2@3@4@5@6@7@8@9	完了コード3文字目	0@1@2@3@4@5@6@7@8@9	
w56xm9	0				ページを開き、課題を完了させてください。	課題の最後に、完了コードが表示されます。	https://kana-task.web.app/transfer_test.html?prod=1&wid=w56xm9	最後に表示された完了コードを選んでください	完了コード1文字目	0@1@2@3@4@5@6@7@8@9	完了コード2文字目	0@1@2@3@4@5@6@7@8@9	完了コード3文字目	0@1@2@3@4@5@6@7@8@9	
u7c6hg	0				ページを開き、課題を完了させてください。	課題の最後に、完了コードが表示されます。	https://kana-task.web.app/transfer_test.html?prod=1&wid=u7c6hg	最後に表示された完了コードを選んでください	完了コード1文字目	0@1@2@3@4@5@6@7@8@9	完了コード2文字目	0@1@2@3@4@5@6@7@8@9	完了コード3文字目	0@1@2@3@4@5@6@7@8@9	
tabrru	0				ページを開き、課題を完了させてください。	課題の最後に、完了コードが表示されます。	https://kana-task.web.app/transfer_test.html?prod=1&wid=tabrru	最後に表示された完了コードを選んでください	完了コード1文字目	0@1@2@3@4@5@6@7@8@9	完了コード2文字目	0@1@2@3@4@5@6@7@8@9	完了コード3文字目	0@1@2@3@4@5@6@7@8@9	
dhwuah	0				ページを開き、課題を完了させてください。	課題の最後に、完了コードが表示されます。	https://kana-task.web.app/transfer_test.html?prod=1&wid=dhwuah	最後に表示された完了コードを選んでください	完了コード1文字目	0@1@2@3@4@5@6@7@8@9	完了コード2文字目	0@1@2@3@4@5@6@7@8@9	完了コード3文字目	0@1@2@3@4@5@6@7@8@9	
yztarn	0				ページを開き、課題を完了させてください。	課題の最後に、完了コードが表示されます。	https://kana-task.web.app/transfer_test.html?prod=1&wid=yztarn	最後に表示された完了コードを選んでください	完了コード1文字目	0@1@2@3@4@5@6@7@8@9	完了コード2文字目	0@1@2@3@4@5@6@7@8@9	完了コード3文字目	0@1@2@3@4@5@6@7@8@9	
h42ufj	0				ページを開き、課題を完了させてください。	課題の最後に、完了コードが表示されます。	https://kana-task.web.app/transfer_test.html?prod=1&wid=h42ufj	最後に表示された完了コードを選んでください	完了コード1文字目	0@1@2@3@4@5@6@7@8@9	完了コード2文字目	0@1@2@3@4@5@6@7@8@9	完了コード3文字目	0@1@2@3@4@5@6@7@8@9	
v9g5ju	0				ページを開き、課題を完了させてください。	課題の最後に、完了コードが表示されます。	https://kana-task.web.app/transfer_test.html?prod=1&wid=v9g5ju	最後に表示された完了コードを選んでください	完了コード1文字目	0@1@2@3@4@5@6@7@8@9	完了コード2文字目	0@1@2@3@4@5@6@7@8@9	完了コード3文字目	0@1@2@3@4@5@6@7@8@9	
x5r8jv	0				ページを開き、課題を完了させてください。	課題の最後に、完了コードが表示されます。	https://kana-task.web.app/transfer_test.html?prod=1&wid=x5r8jv	最後に表示された完了コードを選んでください	完了コード1文字目	0@1@2@3@4@5@6@7@8@9	完了コード2文字目	0@1@2@3@4@5@6@7@8@9	完了コード3文字目	0@1@2@3@4@5@6@7@8@9	
mcee7f	0				ページを開き、課題を完了させてください。	課題の最後に、完了コードが表示されます。	https://kana-task.web.app/transfer_test.html?prod=1&wid=mcee7f	最後に表示された完了コードを選んでください	完了コード1文字目	0@1@2@3@4@5@6@7@8@9	完了コード2文字目	0@1@2@3@4@5@6@7@8@9	完了コード3文字目	0@1@2@3@4@5@6@7@8@9	
dkfrrc	0				ページを開き、課題を完了させてください。	課題の最後に、完了コードが表示されます。	https://kana-task.web.app/transfer_test.html?prod=1&wid=dkfrrc	最後に表示された完了コードを選んでください	完了コード1文字目	0@1@2@3@4@5@6@7@8@9	完了コード2文字目	0@1@2@3@4@5@6@7@8@9	完了コード3文字目	0@1@2@3@4@5@6@7@8@9	
wgd7ex	0				ページを開き、課題を完了させてください。	課題の最後に、完了コードが表示されます。	https://kana-task.web.app/transfer_test.html?prod=1&wid=wgd7ex	最後に表示された完了コードを選んでください	完了コード1文字目	0@1@2@3@4@5@6@7@8@9	完了コード2文字目	0@1@2@3@4@5@6@7@8@9	完了コード3文字目	0@1@2@3@4@5@6@7@8@9	
9jcjnm	0				ページを開き、課題を完了させてください。	課題の最後に、完了コードが表示されます。	https://kana-task.web.app/transfer_test.html?prod=1&wid=9jcjnm	最後に表示された完了コードを選んでください	完了コード1文字目	0@1@2@3@4@5@6@7@8@9	完了コード2文字目	0@1@2@3@4@5@6@7@8@9	完了コード3文字目	0@1@2@3@4@5@6@7@8@9	
cquvbq	0				ページを開き、課題を完了させてください。	課題の最後に、完了コードが表示されます。	https://kana-task.web.app/transfer_test.html?prod=1&wid=cquvbq	最後に表示された完了コードを選んでください	完了コード1文字目	0@1@2@3@4@5@6@7@8@9	完了コード2文字目	0@1@2@3@4@5@6@7@8@9	完了コード3文字目	0@1@2@3@4@5@6@7@8@9	
nk8hbd	0				ページを開き、課題を完了させてください。	課題の最後に、完了コードが表示されます。	https://kana-task.web.app/transfer_test.html?prod=1&wid=nk8hbd	最後に表示された完了コードを選んでください	完了コード1文字目	0@1@2@3@4@5@6@7@8@9	完了コード2文字目	0@1@2@3@4@5@6@7@8@9	完了コード3文字目	0@1@2@3@4@5@6@7@8@9	
9vhkhh	0				ページを開き、課題を完了させてください。	課題の最後に、完了コードが表示されます。	https://kana-task.web.app/transfer_test.html?prod=1&wid=9vhkhh	最後に表示された完了コードを選んでください	完了コード1文字目	0@1@2@3@4@5@6@7@8@9	完了コード2文字目	0@1@2@3@4@5@6@7@8@9	完了コード3文字目	0@1@2@3@4@5@6@7@8@9	
u5ts4c	0				ページを開き、課題を完了させてください。	課題の最後に、完了コードが表示されます。	https://kana-task.web.app/transfer_test.html?prod=1&wid=u5ts4c	最後に表示された完了コードを選んでください	完了コード1文字目	0@1@2@3@4@5@6@7@8@9	完了コード2文字目	0@1@2@3@4@5@6@7@8@9	完了コード3文字目	0@1@2@3@4@5@6@7@8@9	
47x87x	0				ページを開き、課題を完了させてください。	課題の最後に、完了コードが表示されます。	https://kana-task.web.app/transfer_test.html?prod=1&wid=47x87x	最後に表示された完了コードを選んでください	完了コード1文字目	0@1@2@3@4@5@6@7@8@9	完了コード2文字目	0@1@2@3@4@5@6@7@8@9	完了コード3文字目	0@1@2@3@4@5@6@7@8@9	
yw4hax	0				ページを開き、課題を完了させてください。	課題の最後に、完了コードが表示されます。	https://kana-task.web.app/transfer_test.html?prod=1&wid=yw4hax	最後に表示された完了コードを選んでください	完了コード1文字目	0@1@2@3@4@5@6@7@8@9	完了コード2文字目	0@1@2@3@4@5@6@7@8@9	完了コード3文字目	0@1@2@3@4@5@6@7@8@9	
b5dg5y	0				ページを開き、課題を完了させてください。	課題の最後に、完了コードが表示されます。	https://kana-task.web.app/transfer_test.html?prod=1&wid=b5dg5y	最後に表示された完了コードを選んでください	完了コード1文字目	0@1@2@3@4@5@6@7@8@9	完了コード2文字目	0@1@2@3@4@5@6@7@8@9	完了コード3文字目	0@1@2@3@4@5@6@7@8@9	
9x3ptz	0				ページを開き、課題を完了させてください。	課題の最後に、完了コードが表示されます。	https://kana-task.web.app/transfer_test.html?prod=1&wid=9x3ptz	最後に表示された完了コードを選んでください	完了コード1文字目	0@1@2@3@4@5@6@7@8@9	完了コード2文字目	0@1@2@3@4@5@6@7@8@9	完了コード3文字目	0@1@2@3@4@5@6@7@8@9	
bh2pz5	0				ページを開き、課題を完了させてください。	課題の最後に、完了コードが表示されます。	https://kana-task.web.app/transfer_test.html?prod=1&wid=bh2pz5	最後に表示された完了コードを選んでください	完了コード1文字目	0@1@2@3@4@5@6@7@8@9	完了コード2文字目	0@1@2@3@4@5@6@7@8@9	完了コード3文字目	0@1@2@3@4@5@6@7@8@9	
acmss5	0				ページを開き、課題を完了させてください。	課題の最後に、完了コードが表示されます。	https://kana-task.web.app/transfer_test.html?prod=1&wid=acmss5	最後に表示された完了コードを選んでください	完了コード1文字目	0@1@2@3@4@5@6@7@8@9	完了コード2文字目	0@1@2@3@4@5@6@7@8@9	完了コード3文字目	0@1@2@3@4@5@6@7@8@9	
b2juhx	0				ページを開き、課題を完了させてください。	課題の最後に、完了コードが表示されます。	https://kana-task.web.app/transfer_test.html?prod=1&wid=b2juhx	最後に表示された完了コードを選んでください	完了コード1文字目	0@1@2@3@4@5@6@7@8@9	完了コード2文字目	0@1@2@3@4@5@6@7@8@9	完了コード3文字目	0@1@2@3@4@5@6@7@8@9	
mta4rt	0				ページを開き、課題を完了させてください。	課題の最後に、完了コードが表示されます。	https://kana-task.web.app/transfer_test.html?prod=1&wid=mta4rt	最後に表示された完了コードを選んでください	完了コード1文字目	0@1@2@3@4@5@6@7@8@9	完了コード2文字目	0@1@2@3@4@5@6@7@8@9	完了コード3文字目	0@1@2@3@4@5@6@7@8@9	
nygyrj	0				ページを開き、課題を完了させてください。	課題の最後に、完了コードが表示されます。	https://kana-task.web.app/transfer_test.html?prod=1&wid=nygyrj	最後に表示された完了コードを選んでください	完了コード1文字目	0@1@2@3@4@5@6@7@8@9	完了コード2文字目	0@1@2@3@4@5@6@7@8@9	完了コード3文字目	0@1@2@3@4@5@6@7@8@9	
xqgpd4	0				ページを開き、課題を完了させてください。	課題の最後に、完了コードが表示されます。	https://kana-task.web.app/transfer_test.html?prod=1&wid=xqgpd4	最後に表示された完了コードを選んでください	完了コード1文字目	0@1@2@3@4@5@6@7@8@9	完了コード2文字目	0@1@2@3@4@5@6@7@8@9	完了コード3文字目	0@1@2@3@4@5@6@7@8@9	
2bka3h	0				ページを開き、課題を完了させてください。	課題の最後に、完了コードが表示されます。	https://kana-task.web.app/transfer_test.html?prod=1&wid=2bka3h	最後に表示された完了コードを選んでください	完了コード1文字目	0@1@2@3@4@5@6@7@8@9	完了コード2文字目	0@1@2@3@4@5@6@7@8@9	完了コード3文字目	0@1@2@3@4@5@6@7@8@9	
qc53x2	0				ページを開き、課題を完了させてください。	課題の最後に、完了コードが表示されます。	https://kana-task.web.app/transfer_test.html?prod=1&wid=qc53x2	最後に表示された完了コードを選んでください	完了コード1文字目	0@1@2@3@4@5@6@7@8@9	完了コード2文字目	0@1@2@3@4@5@6@7@8@9	完了コード3文字目	0@1@2@3@4@5@6@7@8@9	
hhkarf	0				ページを開き、課題を完了させてください。	課題の最後に、完了コードが表示されます。	https://kana-task.web.app/transfer_test.html?prod=1&wid=hhkarf	最後に表示された完了コードを選んでください	完了コード1文字目	0@1@2@3@4@5@6@7@8@9	完了コード2文字目	0@1@2@3@4@5@6@7@8@9	完了コード3文字目	0@1@2@3@4@5@6@7@8@9	
fcpmyn	0				ページを開き、課題を完了させてください。	課題の最後に、完了コードが表示されます。	https://kana-task.web.app/transfer_test.html?prod=1&wid=fcpmyn	最後に表示された完了コードを選んでください	完了コード1文字目	0@1@2@3@4@5@6@7@8@9	完了コード2文字目	0@1@2@3@4@5@6@7@8@9	完了コード3文字目	0@1@2@3@4@5@6@7@8@9	
krpde6	0				ページを開き、課題を完了させてください。	課題の最後に、完了コードが表示されます。	https://kana-task.web.app/transfer_test.html?prod=1&wid=krpde6	最後に表示された完了コードを選んでください	完了コード1文字目	0@1@2@3@4@5@6@7@8@9	完了コード2文字目	0@1@2@3@4@5@6@7@8@9	完了コード3文字目	0@1@2@3@4@5@6@7@8@9	
qpx9sv	0				ページを開き、課題を完了させてください。	課題の最後に、完了コードが表示されます。	https://kana-task.web.app/transfer_test.html?prod=1&wid=qpx9sv	最後に表示された完了コードを選んでください	完了コード1文字目	0@1@2@3@4@5@6@7@8@9	完了コード2文字目	0@1@2@3@4@5@6@7@8@9	完了コード3文字目	0@1@2@3@4@5@6@7@8@9	
4ak25t	0				ページを開き、課題を完了させてください。	課題の最後に、完了コードが表示されます。	https://kana-task.web.app/transfer_test.html?prod=1&wid=4ak25t	最後に表示された完了コードを選んでください	完了コード1文字目	0@1@2@3@4@5@6@7@8@9	完了コード2文字目	0@1@2@3@4@5@6@7@8@9	完了コード3文字目	0@1@2@3@4@5@6@7@8@9	
pz5trt	0				ページを開き、課題を完了させてください。	課題の最後に、完了コードが表示されます。	https://kana-task.web.app/transfer_test.html?prod=1&wid=pz5trt	最後に表示された完了コードを選んでください	完了コード1文字目	0@1@2@3@4@5@6@7@8@9	完了コード2文字目	0@1@2@3@4@5@6@7@8@9	完了コード3文字目	0@1@2@3@4@5@6@7@8@9	
w3ch5a	0				ページを開き、課題を完了させてください。	課題の最後に、完了コードが表示されます。	https://kana-task.web.app/transfer_test.html?prod=1&wid=w3ch5a	最後に表示された完了コードを選んでください	完了コード1文字目	0@1@2@3@4@5@6@7@8@9	完了コード2文字目	0@1@2@3@4@5@6@7@8@9	完了コード3文字目	0@1@2@3@4@5@6@7@8@9	
5r76sm	0				ページを開き、課題を完了させてください。	課題の最後に、完了コードが表示されます。	https://kana-task.web.app/transfer_test.html?prod=1&wid=5r76sm	最後に表示された完了コードを選んでください	完了コード1文字目	0@1@2@3@4@5@6@7@8@9	完了コード2文字目	0@1@2@3@4@5@6@7@8@9	完了コード3文字目	0@1@2@3@4@5@6@7@8@9	
n59dxj	0				ページを開き、課題を完了させてください。	課題の最後に、完了コードが表示されます。	https://kana-task.web.app/transfer_test.html?prod=1&wid=n59dxj	最後に表示された完了コードを選んでください	完了コード1文字目	0@1@2@3@4@5@6@7@8@9	完了コード2文字目	0@1@2@3@4@5@6@7@8@9	完了コード3文字目	0@1@2@3@4@5@6@7@8@9	
5utj2p	0				ページを開き、課題を完了させてください。	課題の最後に、完了コードが表示されます。	https://kana-task.web.app/transfer_test.html?prod=1&wid=5utj2p	最後に表示された完了コードを選んでください	完了コード1文字目	0@1@2@3@4@5@6@7@8@9	完了コード2文字目	0@1@2@3@4@5@6@7@8@9	完了コード3文字目	0@1@2@3@4@5@6@7@8@9	
jm6amm	0				ページを開き、課題を完了させてください。	課題の最後に、完了コードが表示されます。	https://kana-task.web.app/transfer_test.html?prod=1&wid=jm6amm	最後に表示された完了コードを選んでください	完了コード1文字目	0@1@2@3@4@5@6@7@8@9	完了コード2文字目	0@1@2@3@4@5@6@7@8@9	完了コード3文字目	0@1@2@3@4@5@6@7@8@9	
72wwg8	0				ページを開き、課題を完了させてください。	課題の最後に、完了コードが表示されます。	https://kana-task.web.app/transfer_test.html?prod=1&wid=72wwg8	最後に表示された完了コードを選んでください	完了コード1文字目	0@1@2@3@4@5@6@7@8@9	完了コード2文字目	0@1@2@3@4@5@6@7@8@9	完了コード3文字目	0@1@2@3@4@5@6@7@8@9	
v94825	0				ページを開き、課題を完了させてください。	課題の最後に、完了コードが表示されます。	https://kana-task.web.app/transfer_test.html?prod=1&wid=v94825	最後に表示された完了コードを選んでください	完了コード1文字目	0@1@2@3@4@5@6@7@8@9	完了コード2文字目	0@1@2@3@4@5@6@7@8@9	完了コード3文字目	0@1@2@3@4@5@6@7@8@9	
7rfmez	0				ページを開き、課題を完了させてください。	課題の最後に、完了コードが表示されます。	https://kana-task.web.app/transfer_test.html?prod=1&wid=7rfmez	最後に表示された完了コードを選んでください	完了コード1文字目	0@1@2@3@4@5@6@7@8@9	完了コード2文字目	0@1@2@3@4@5@6@7@8@9	完了コード3文字目	0@1@2@3@4@5@6@7@8@9	
39k6bf	0				ページを開き、課題を完了させてください。	課題の最後に、完了コードが表示されます。	https://kana-task.web.app/transfer_test.html?prod=1&wid=39k6bf	最後に表示された完了コードを選んでください	完了コード1文字目	0@1@2@3@4@5@6@7@8@9	完了コード2文字目	0@1@2@3@4@5@6@7@8@9	完了コード3文字目	0@1@2@3@4@5@6@7@8@9	
kfr75t	0				ページを開き、課題を完了させてください。	課題の最後に、完了コードが表示されます。	https://kana-task.web.app/transfer_test.html?prod=1&wid=kfr75t	最後に表示された完了コードを選んでください	完了コード1文字目	0@1@2@3@4@5@6@7@8@9	完了コード2文字目	0@1@2@3@4@5@6@7@8@9	完了コード3文字目	0@1@2@3@4@5@6@7@8@9	
ptz67c	0				ページを開き、課題を完了させてください。	課題の最後に、完了コードが表示されます。	https://kana-task.web.app/transfer_test.html?prod=1&wid=ptz67c	最後に表示された完了コードを選んでください	完了コード1文字目	0@1@2@3@4@5@6@7@8@9	完了コード2文字目	0@1@2@3@4@5@6@7@8@9	完了コード3文字目	0@1@2@3@4@5@6@7@8@9	
ukushb	0				ページを開き、課題を完了させてください。	課題の最後に、完了コードが表示されます。	https://kana-task.web.app/transfer_test.html?prod=1&wid=ukushb	最後に表示された完了コードを選んでください	完了コード1文字目	0@1@2@3@4@5@6@7@8@9	完了コード2文字目	0@1@2@3@4@5@6@7@8@9	完了コード3文字目	0@1@2@3@4@5@6@7@8@9	
9vekqs	0				ページを開き、課題を完了させてください。	課題の最後に、完了コードが表示されます。	https://kana-task.web.app/transfer_test.html?prod=1&wid=9vekqs	最後に表示された完了コードを選んでください	完了コード1文字目	0@1@2@3@4@5@6@7@8@9	完了コード2文字目	0@1@2@3@4@5@6@7@8@9	完了コード3文字目	0@1@2@3@4@5@6@7@8@9	
nrgxsw	0				ページを開き、課題を完了させてください。	課題の最後に、完了コードが表示されます。	https://kana-task.web.app/transfer_test.html?prod=1&wid=nrgxsw	最後に表示された完了コードを選んでください	完了コード1文字目	0@1@2@3@4@5@6@7@8@9	完了コード2文字目	0@1@2@3@4@5@6@7@8@9	完了コード3文字目	0@1@2@3@4@5@6@7@8@9	
znjq3u	0				ページを開き、課題を完了させてください。	課題の最後に、完了コードが表示されます。	https://kana-task.web.app/transfer_test.html?prod=1&wid=znjq3u	最後に表示された完了コードを選んでください	完了コード1文字目	0@1@2@3@4@5@6@7@8@9	完了コード2文字目	0@1@2@3@4@5@6@7@8@9	完了コード3文字目	0@1@2@3@4@5@6@7@8@9	
8u2nxn	0				ページを開き、課題を完了させてください。	課題の最後に、完了コードが表示されます。	https://kana-task.web.app/transfer_test.html?prod=1&wid=8u2nxn	最後に表示された完了コードを選んでください	完了コード1文字目	0@1@2@3@4@5@6@7@8@9	完了コード2文字目	0@1@2@3@4@5@6@7@8@9	完了コード3文字目	0@1@2@3@4@5@6@7@8@9	
ybfued	0				ページを開き、課題を完了させてください。	課題の最後に、完了コードが表示されます。	https://kana-task.web.app/transfer_test.html?prod=1&wid=ybfued	最後に表示された完了コードを選んでください	完了コード1文字目	0@1@2@3@4@5@6@7@8@9	完了コード2文字目	0@1@2@3@4@5@6@7@8@9	完了コード3文字目	0@1@2@3@4@5@6@7@8@9	
e546u6	0				ページを開き、課題を完了させてください。	課題の最後に、完了コードが表示されます。	https://kana-task.web.app/transfer_test.html?prod=1&wid=e546u6	最後に表示された完了コードを選んでください	完了コード1文字目	0@1@2@3@4@5@6@7@8@9	完了コード2文字目	0@1@2@3@4@5@6@7@8@9	完了コード3文字目	0@1@2@3@4@5@6@7@8@9	
axmwkp	0				ページを開き、課題を完了させてください。	課題の最後に、完了コードが表示されます。	https://kana-task.web.app/transfer_test.html?prod=1&wid=axmwkp	最後に表示された完了コードを選んでください	完了コード1文字目	0@1@2@3@4@5@6@7@8@9	完了コード2文字目	0@1@2@3@4@5@6@7@8@9	完了コード3文字目	0@1@2@3@4@5@6@7@8@9	
s6rebr	0				ページを開き、課題を完了させてください。	課題の最後に、完了コードが表示されます。	https://kana-task.web.app/transfer_test.html?prod=1&wid=s6rebr	最後に表示された完了コードを選んでください	完了コード1文字目	0@1@2@3@4@5@6@7@8@9	完了コード2文字目	0@1@2@3@4@5@6@7@8@9	完了コード3文字目	0@1@2@3@4@5@6@7@8@9	
8hhqg8	0				ページを開き、課題を完了させてください。	課題の最後に、完了コードが表示されます。	https://kana-task.web.app/transfer_test.html?prod=1&wid=8hhqg8	最後に表示された完了コードを選んでください	完了コード1文字目	0@1@2@3@4@5@6@7@8@9	完了コード2文字目	0@1@2@3@4@5@6@7@8@9	完了コード3文字目	0@1@2@3@4@5@6@7@8@9	
cfp3wz	0				ページを開き、課題を完了させてください。	課題の最後に、完了コードが表示されます。	https://kana-task.web.app/transfer_test.html?prod=1&wid=cfp3wz	最後に表示された完了コードを選んでください	完了コード1文字目	0@1@2@3@4@5@6@7@8@9	完了コード2文字目	0@1@2@3@4@5@6@7@8@9	完了コード3文字目	0@1@2@3@4@5@6@7@8@9	
xp7ar4	0				ページを開き、課題を完了させてください。	課題の最後に、完了コードが表示されます。	https://kana-task.web.app/transfer_test.html?prod=1&wid=xp7ar4	最後に表示された完了コードを選んでください	完了コード1文字目	0@1@2@3@4@5@6@7@8@9	完了コード2文字目	0@1@2@3@4@5@6@7@8@9	完了コード3文字目	0@1@2@3@4@5@6@7@8@9	
d42qwb	0				ページを開き、課題を完了させてください。	課題の最後に、完了コードが表示されます。	https://kana-task.web.app/transfer_test.html?prod=1&wid=d42qwb	最後に表示された完了コードを選んでください	完了コード1文字目	0@1@2@3@4@5@6@7@8@9	完了コード2文字目	0@1@2@3@4@5@6@7@8@9	完了コード3文字目	0@1@2@3@4@5@6@7@8@9	
gj49sn	0				ページを開き、課題を完了させてください。	課題の最後に、完了コードが表示されます。	https://kana-task.web.app/transfer_test.html?prod=1&wid=gj49sn	最後に表示された完了コードを選んでください	完了コード1文字目	0@1@2@3@4@5@6@7@8@9	完了コード2文字目	0@1@2@3@4@5@6@7@8@9	完了コード3文字目	0@1@2@3@4@5@6@7@8@9	
cdycmy	0				ページを開き、課題を完了させてください。	課題の最後に、完了コードが表示されます。	https://kana-task.web.app/transfer_test.html?prod=1&wid=cdycmy	最後に表示された完了コードを選んでください	完了コード1文字目	0@1@2@3@4@5@6@7@8@9	完了コード2文字目	0@1@2@3@4@5@6@7@8@9	完了コード3文字目	0@1@2@3@4@5@6@7@8@9	
rs4kam	0				ページを開き、課題を完了させてください。	課題の最後に、完了コードが表示されます。	https://kana-task.web.app/transfer_test.html?prod=1&wid=rs4kam	最後に表示された完了コードを選んでください	完了コード1文字目	0@1@2@3@4@5@6@7@8@9	完了コード2文字目	0@1@2@3@4@5@6@7@8@9	完了コード3文字目	0@1@2@3@4@5@6@7@8@9	
2gk86d	0				ページを開き、課題を完了させてください。	課題の最後に、完了コードが表示されます。	https://kana-task.web.app/transfer_test.html?prod=1&wid=2gk86d	最後に表示された完了コードを選んでください	完了コード1文字目	0@1@2@3@4@5@6@7@8@9	完了コード2文字目	0@1@2@3@4@5@6@7@8@9	完了コード3文字目	0@1@2@3@4@5@6@7@8@9	
dk6ppt	0				ページを開き、課題を完了させてください。	課題の最後に、完了コードが表示されます。	https://kana-task.web.app/transfer_test.html?prod=1&wid=dk6ppt	最後に表示された完了コードを選んでください	完了コード1文字目	0@1@2@3@4@5@6@7@8@9	完了コード2文字目	0@1@2@3@4@5@6@7@8@9	完了コード3文字目	0@1@2@3@4@5@6@7@8@9	
wewqmx	0				ページを開き、課題を完了させてください。	課題の最後に、完了コードが表示されます。	https://kana-task.web.app/transfer_test.html?prod=1&wid=wewqmx	最後に表示された完了コードを選んでください	完了コード1文字目	0@1@2@3@4@5@6@7@8@9	完了コード2文字目	0@1@2@3@4@5@6@7@8@9	完了コード3文字目	0@1@2@3@4@5@6@7@8@9	
gvkhy7	0				ページを開き、課題を完了させてください。	課題の最後に、完了コードが表示されます。	https://kana-task.web.app/transfer_test.html?prod=1&wid=gvkhy7	最後に表示された完了コードを選んでください	完了コード1文字目	0@1@2@3@4@5@6@7@8@9	完了コード2文字目	0@1@2@3@4@5@6@7@8@9	完了コード3文字目	0@1@2@3@4@5@6@7@8@9	
bu2nyb	0				ページを開き、課題を完了させてください。	課題の最後に、完了コードが表示されます。	https://kana-task.web.app/transfer_test.html?prod=1&wid=bu2nyb	最後に表示された完了コードを選んでください	完了コード1文字目	0@1@2@3@4@5@6@7@8@9	完了コード2文字目	0@1@2@3@4@5@6@7@8@9	完了コード3文字目	0@1@2@3@4@5@6@7@8@9	
kzw9p6	0				ページを開き、課題を完了させてください。	課題の最後に、完了コードが表示されます。	https://kana-task.web.app/transfer_test.html?prod=1&wid=kzw9p6	最後に表示された完了コードを選んでください	完了コード1文字目	0@1@2@3@4@5@6@7@8@9	完了コード2文字目	0@1@2@3@4@5@6@7@8@9	完了コード3文字目	0@1@2@3@4@5@6@7@8@9	
snwktg	0				ページを開き、課題を完了させてください。	課題の最後に、完了コードが表示されます。	https://kana-task.web.app/transfer_test.html?prod=1&wid=snwktg	最後に表示された完了コードを選んでください	完了コード1文字目	0@1@2@3@4@5@6@7@8@9	完了コード2文字目	0@1@2@3@4@5@6@7@8@9	完了コード3文字目	0@1@2@3@4@5@6@7@8@9	
8zpeuy	0				ページを開き、課題を完了させてください。	課題の最後に、完了コードが表示されます。	https://kana-task.web.app/transfer_test.html?prod=1&wid=8zpeuy	最後に表示された完了コードを選んでください	完了コード1文字目	0@1@2@3@4@5@6@7@8@9	完了コード2文字目	0@1@2@3@4@5@6@7@8@9	完了コード3文字目	0@1@2@3@4@5@6@7@8@9	
dw5fp2	0				ページを開き、課題を完了させてください。	課題の最後に、完了コードが表示されます。	https://kana-task.web.app/transfer_test.html?prod=1&wid=dw5fp2	最後に表示された完了コードを選んでください	完了コード1文字目	0@1@2@3@4@5@6@7@8@9	完了コード2文字目	0@1@2@3@4@5@6@7@8@9	完了コード3文字目	0@1@2@3@4@5@6@7@8@9	
e989fr	0				ページを開き、課題を完了させてください。	課題の最後に、完了コードが表示されます。	https://kana-task.web.app/transfer_test.html?prod=1&wid=e989fr	最後に表示された完了コードを選んでください	完了コード1文字目	0@1@2@3@4@5@6@7@8@9	完了コード2文字目	0@1@2@3@4@5@6@7@8@9	完了コード3文字目	0@1@2@3@4@5@6@7@8@9	
4adcpg	0				ページを開き、課題を完了させてください。	課題の最後に、完了コードが表示されます。	https://kana-task.web.app/transfer_test.html?prod=1&wid=4adcpg	最後に表示された完了コードを選んでください	完了コード1文字目	0@1@2@3@4@5@6@7@8@9	完了コード2文字目	0@1@2@3@4@5@6@7@8@9	完了コード3文字目	0@1@2@3@4@5@6@7@8@9	
79fhhm	0				ページを開き、課題を完了させてください。	課題の最後に、完了コードが表示されます。	https://kana-task.web.app/transfer_test.html?prod=1&wid=79fhhm	最後に表示された完了コードを選んでください	完了コード1文字目	0@1@2@3@4@5@6@7@8@9	完了コード2文字目	0@1@2@3@4@5@6@7@8@9	完了コード3文字目	0@1@2@3@4@5@6@7@8@9	
7mqunc	0				ページを開き、課題を完了させてください。	課題の最後に、完了コードが表示されます。	https://kana-task.web.app/transfer_test.html?prod=1&wid=7mqunc	最後に表示された完了コードを選んでください	完了コード1文字目	0@1@2@3@4@5@6@7@8@9	完了コード2文字目	0@1@2@3@4@5@6@7@8@9	完了コード3文字目	0@1@2@3@4@5@6@7@8@9	
3xjhdp	0				ページを開き、課題を完了させてください。	課題の最後に、完了コードが表示されます。	https://kana-task.web.app/transfer_test.html?prod=1&wid=3xjhdp	最後に表示された完了コードを選んでください	完了コード1文字目	0@1@2@3@4@5@6@7@8@9	完了コード2文字目	0@1@2@3@4@5@6@7@8@9	完了コード3文字目	0@1@2@3@4@5@6@7@8@9	
bbnc46	0				ページを開き、課題を完了させてください。	課題の最後に、完了コードが表示されます。	https://kana-task.web.app/transfer_test.html?prod=1&wid=bbnc46	最後に表示された完了コードを選んでください	完了コード1文字目	0@1@2@3@4@5@6@7@8@9	完了コード2文字目	0@1@2@3@4@5@6@7@8@9	完了コード3文字目	0@1@2@3@4@5@6@7@8@9	
qsbzce	0				ページを開き、課題を完了させてください。	課題の最後に、完了コードが表示されます。	https://kana-task.web.app/transfer_test.html?prod=1&wid=qsbzce	最後に表示された完了コードを選んでください	完了コード1文字目	0@1@2@3@4@5@6@7@8@9	完了コード2文字目	0@1@2@3@4@5@6@7@8@9	完了コード3文字目	0@1@2@3@4@5@6@7@8@9	
sg6hd8	0				ページを開き、課題を完了させてください。	課題の最後に、完了コードが表示されます。	https://kana-task.web.app/transfer_test.html?prod=1&wid=sg6hd8	最後に表示された完了コードを選んでください	完了コード1文字目	0@1@2@3@4@5@6@7@8@9	完了コード2文字目	0@1@2@3@4@5@6@7@8@9	完了コード3文字目	0@1@2@3@4@5@6@7@8@9	
9zh4cy	0				ページを開き、課題を完了させてください。	課題の最後に、完了コードが表示されます。	https://kana-task.web.app/transfer_test.html?prod=1&wid=9zh4cy	最後に表示された完了コードを選んでください	完了コード1文字目	0@1@2@3@4@5@6@7@8@9	完了コード2文字目	0@1@2@3@4@5@6@7@8@9	完了コード3文字目	0@1@2@3@4@5@6@7@8@9	
kznkgg	0				ページを開き、課題を完了させてください。	課題の最後に、完了コードが表示されます。	https://kana-task.web.app/transfer_test.html?prod=1&wid=kznkgg	最後に表示された完了コードを選んでください	完了コード1文字目	0@1@2@3@4@5@6@7@8@9	完了コード2文字目	0@1@2@3@4@5@6@7@8@9	完了コード3文字目	0@1@2@3@4@5@6@7@8@9	
khhaaa	0				ページを開き、課題を完了させてください。	課題の最後に、完了コードが表示されます。	https://kana-task.web.app/transfer_test.html?prod=1&wid=khhaaa	最後に表示された完了コードを選んでください	完了コード1文字目	0@1@2@3@4@5@6@7@8@9	完了コード2文字目	0@1@2@3@4@5@6@7@8@9	完了コード3文字目	0@1@2@3@4@5@6@7@8@9	
yz8xfp	0				ページを開き、課題を完了させてください。	課題の最後に、完了コードが表示されます。	https://kana-task.web.app/transfer_test.html?prod=1&wid=yz8xfp	最後に表示された完了コードを選んでください	完了コード1文字目	0@1@2@3@4@5@6@7@8@9	完了コード2文字目	0@1@2@3@4@5@6@7@8@9	完了コード3文字目	0@1@2@3@4@5@6@7@8@9	
2vdrdn	0				ページを開き、課題を完了させてください。	課題の最後に、完了コードが表示されます。	https://kana-task.web.app/transfer_test.html?prod=1&wid=2vdrdn	最後に表示された完了コードを選んでください	完了コード1文字目	0@1@2@3@4@5@6@7@8@9	完了コード2文字目	0@1@2@3@4@5@6@7@8@9	完了コード3文字目	0@1@2@3@4@5@6@7@8@9	
a9qm9u	0				ページを開き、課題を完了させてください。	課題の最後に、完了コードが表示されます。	https://kana-task.web.app/transfer_test.html?prod=1&wid=a9qm9u	最後に表示された完了コードを選んでください	完了コード1文字目	0@1@2@3@4@5@6@7@8@9	完了コード2文字目	0@1@2@3@4@5@6@7@8@9	完了コード3文字目	0@1@2@3@4@5@6@7@8@9	
gwwdsp	0				ページを開き、課題を完了させてください。	課題の最後に、完了コードが表示されます。	https://kana-task.web.app/transfer_test.html?prod=1&wid=gwwdsp	最後に表示された完了コードを選んでください	完了コード1文字目	0@1@2@3@4@5@6@7@8@9	完了コード2文字目	0@1@2@3@4@5@6@7@8@9	完了コード3文字目	0@1@2@3@4@5@6@7@8@9	
jgmxck	0				ページを開き、課題を完了させてください。	課題の最後に、完了コードが表示されます。	https://kana-task.web.app/transfer_test.html?prod=1&wid=jgmxck	最後に表示された完了コードを選んでください	完了コード1文字目	0@1@2@3@4@5@6@7@8@9	完了コード2文字目	0@1@2@3@4@5@6@7@8@9	完了コード3文字目	0@1@2@3@4@5@6@7@8@9	
j2g94h	0				ページを開き、課題を完了させてください。	課題の最後に、完了コードが表示されます。	https://kana-task.web.app/transfer_test.html?prod=1&wid=j2g94h	最後に表示された完了コードを選んでください	完了コード1文字目	0@1@2@3@4@5@6@7@8@9	完了コード2文字目	0@1@2@3@4@5@6@7@8@9	完了コード3文字目	0@1@2@3@4@5@6@7@8@9	
dx3de3	0				ページを開き、課題を完了させてください。	課題の最後に、完了コードが表示されます。	https://kana-task.web.app/transfer_test.html?prod=1&wid=dx3de3	最後に表示された完了コードを選んでください	完了コード1文字目	0@1@2@3@4@5@6@7@8@9	完了コード2文字目	0@1@2@3@4@5@6@7@8@9	完了コード3文字目	0@1@2@3@4@5@6@7@8@9	
22wq3n	0				ページを開き、課題を完了させてください。	課題の最後に、完了コードが表示されます。	https://kana-task.web.app/transfer_test.html?prod=1&wid=22wq3n	最後に表示された完了コードを選んでください	完了コード1文字目	0@1@2@3@4@5@6@7@8@9	完了コード2文字目	0@1@2@3@4@5@6@7@8@9	完了コード3文字目	0@1@2@3@4@5@6@7@8@9	
hpha8x	0				ページを開き、課題を完了させてください。	課題の最後に、完了コードが表示されます。	https://kana-task.web.app/transfer_test.html?prod=1&wid=hpha8x	最後に表示された完了コードを選んでください	完了コード1文字目	0@1@2@3@4@5@6@7@8@9	完了コード2文字目	0@1@2@3@4@5@6@7@8@9	完了コード3文字目	0@1@2@3@4@5@6@7@8@9	
43t3eb	0				ページを開き、課題を完了させてください。	課題の最後に、完了コードが表示されます。	https://kana-task.web.app/transfer_test.html?prod=1&wid=43t3eb	最後に表示された完了コードを選んでください	完了コード1文字目	0@1@2@3@4@5@6@7@8@9	完了コード2文字目	0@1@2@3@4@5@6@7@8@9	完了コード3文字目	0@1@2@3@4@5@6@7@8@9	
rk3a4c	0				ページを開き、課題を完了させてください。	課題の最後に、完了コードが表示されます。	https://kana-task.web.app/transfer_test.html?prod=1&wid=rk3a4c	最後に表示された完了コードを選んでください	完了コード1文字目	0@1@2@3@4@5@6@7@8@9	完了コード2文字目	0@1@2@3@4@5@6@7@8@9	完了コード3文字目	0@1@2@3@4@5@6@7@8@9	
22gmzy	0				ページを開き、課題を完了させてください。	課題の最後に、完了コードが表示されます。	https://kana-task.web.app/transfer_test.html?prod=1&wid=22gmzy	最後に表示された完了コードを選んでください	完了コード1文字目	0@1@2@3@4@5@6@7@8@9	完了コード2文字目	0@1@2@3@4@5@6@7@8@9	完了コード3文字目	0@1@2@3@4@5@6@7@8@9	
36rz4a	0				ページを開き、課題を完了させてください。	課題の最後に、完了コードが表示されます。	https://kana-task.web.app/transfer_test.html?prod=1&wid=36rz4a	最後に表示された完了コードを選んでください	完了コード1文字目	0@1@2@3@4@5@6@7@8@9	完了コード2文字目	0@1@2@3@4@5@6@7@8@9	完了コード3文字目	0@1@2@3@4@5@6@7@8@9	
q84st7	0				ページを開き、課題を完了させてください。	課題の最後に、完了コードが表示されます。	https://kana-task.web.app/transfer_test.html?prod=1&wid=q84st7	最後に表示された完了コードを選んでください	完了コード1文字目	0@1@2@3@4@5@6@7@8@9	完了コード2文字目	0@1@2@3@4@5@6@7@8@9	完了コード3文字目	0@1@2@3@4@5@6@7@8@9	
epu4uy	0				ページを開き、課題を完了させてください。	課題の最後に、完了コードが表示されます。	https://kana-task.web.app/transfer_test.html?prod=1&wid=epu4uy	最後に表示された完了コードを選んでください	完了コード1文字目	0@1@2@3@4@5@6@7@8@9	完了コード2文字目	0@1@2@3@4@5@6@7@8@9	完了コード3文字目	0@1@2@3@4@5@6@7@8@9	
2ramg4	0				ページを開き、課題を完了させてください。	課題の最後に、完了コードが表示されます。	https://kana-task.web.app/transfer_test.html?prod=1&wid=2ramg4	最後に表示された完了コードを選んでください	完了コード1文字目	0@1@2@3@4@5@6@7@8@9	完了コード2文字目	0@1@2@3@4@5@6@7@8@9	完了コード3文字目	0@1@2@3@4@5@6@7@8@9	
4quxnz	0				ページを開き、課題を完了させてください。	課題の最後に、完了コードが表示されます。	https://kana-task.web.app/transfer_test.html?prod=1&wid=4quxnz	最後に表示された完了コードを選んでください	完了コード1文字目	0@1@2@3@4@5@6@7@8@9	完了コード2文字目	0@1@2@3@4@5@6@7@8@9	完了コード3文字目	0@1@2@3@4@5@6@7@8@9	
63tk94	0				ページを開き、課題を完了させてください。	課題の最後に、完了コードが表示されます。	https://kana-task.web.app/transfer_test.html?prod=1&wid=63tk94	最後に表示された完了コードを選んでください	完了コード1文字目	0@1@2@3@4@5@6@7@8@9	完了コード2文字目	0@1@2@3@4@5@6@7@8@9	完了コード3文字目	0@1@2@3@4@5@6@7@8@9	
26mmmv	0				ページを開き、課題を完了させてください。	課題の最後に、完了コードが表示されます。	https://kana-task.web.app/transfer_test.html?prod=1&wid=26mmmv	最後に表示された完了コードを選んでください	完了コード1文字目	0@1@2@3@4@5@6@7@8@9	完了コード2文字目	0@1@2@3@4@5@6@7@8@9	完了コード3文字目	0@1@2@3@4@5@6@7@8@9	
fqvx67	0				ページを開き、課題を完了させてください。	課題の最後に、完了コードが表示されます。	https://kana-task.web.app/transfer_test.html?prod=1&wid=fqvx67	最後に表示された完了コードを選んでください	完了コード1文字目	0@1@2@3@4@5@6@7@8@9	完了コード2文字目	0@1@2@3@4@5@6@7@8@9	完了コード3文字目	0@1@2@3@4@5@6@7@8@9	
whedfx	0				ページを開き、課題を完了させてください。	課題の最後に、完了コードが表示されます。	https://kana-task.web.app/transfer_test.html?prod=1&wid=whedfx	最後に表示された完了コードを選んでください	完了コード1文字目	0@1@2@3@4@5@6@7@8@9	完了コード2文字目	0@1@2@3@4@5@6@7@8@9	完了コード3文字目	0@1@2@3@4@5@6@7@8@9	
cpgwdc	0				ページを開き、課題を完了させてください。	課題の最後に、完了コードが表示されます。	https://kana-task.web.app/transfer_test.html?prod=1&wid=cpgwdc	最後に表示された完了コードを選んでください	完了コード1文字目	0@1@2@3@4@5@6@7@8@9	完了コード2文字目	0@1@2@3@4@5@6@7@8@9	完了コード3文字目	0@1@2@3@4@5@6@7@8@9	
pvmzvg	0				ページを開き、課題を完了させてください。	課題の最後に、完了コードが表示されます。	https://kana-task.web.app/transfer_test.html?prod=1&wid=pvmzvg	最後に表示された完了コードを選んでください	完了コード1文字目	0@1@2@3@4@5@6@7@8@9	完了コード2文字目	0@1@2@3@4@5@6@7@8@9	完了コード3文字目	0@1@2@3@4@5@6@7@8@9	
kcb9ke	0				ページを開き、課題を完了させてください。	課題の最後に、完了コードが表示されます。	https://kana-task.web.app/transfer_test.html?prod=1&wid=kcb9ke	最後に表示された完了コードを選んでください	完了コード1文字目	0@1@2@3@4@5@6@7@8@9	完了コード2文字目	0@1@2@3@4@5@6@7@8@9	完了コード3文字目	0@1@2@3@4@5@6@7@8@9	
gafmpe	0				ページを開き、課題を完了させてください。	課題の最後に、完了コードが表示されます。	https://kana-task.web.app/transfer_test.html?prod=1&wid=gafmpe	最後に表示された完了コードを選んでください	完了コード1文字目	0@1@2@3@4@5@6@7@8@9	完了コード2文字目	0@1@2@3@4@5@6@7@8@9	完了コード3文字目	0@1@2@3@4@5@6@7@8@9	
begsmr	0				ページを開き、課題を完了させてください。	課題の最後に、完了コードが表示されます。	https://kana-task.web.app/transfer_test.html?prod=1&wid=begsmr	最後に表示された完了コードを選んでください	完了コード1文字目	0@1@2@3@4@5@6@7@8@9	完了コード2文字目	0@1@2@3@4@5@6@7@8@9	完了コード3文字目	0@1@2@3@4@5@6@7@8@9	
vjxdrw	0				ページを開き、課題を完了させてください。	課題の最後に、完了コードが表示されます。	https://kana-task.web.app/transfer_test.html?prod=1&wid=vjxdrw	最後に表示された完了コードを選んでください	完了コード1文字目	0@1@2@3@4@5@6@7@8@9	完了コード2文字目	0@1@2@3@4@5@6@7@8@9	完了コード3文字目	0@1@2@3@4@5@6@7@8@9	
zdjvwr	0				ページを開き、課題を完了させてください。	課題の最後に、完了コードが表示されます。	https://kana-task.web.app/transfer_test.html?prod=1&wid=zdjvwr	最後に表示された完了コードを選んでください	完了コード1文字目	0@1@2@3@4@5@6@7@8@9	完了コード2文字目	0@1@2@3@4@5@6@7@8@9	完了コード3文字目	0@1@2@3@4@5@6@7@8@9	
uvbhwk	0				ページを開き、課題を完了させてください。	課題の最後に、完了コードが表示されます。	https://kana-task.web.app/transfer_test.html?prod=1&wid=uvbhwk	最後に表示された完了コードを選んでください	完了コード1文字目	0@1@2@3@4@5@6@7@8@9	完了コード2文字目	0@1@2@3@4@5@6@7@8@9	完了コード3文字目	0@1@2@3@4@5@6@7@8@9	
9w2n7f	0				ページを開き、課題を完了させてください。	課題の最後に、完了コードが表示されます。	https://kana-task.web.app/transfer_test.html?prod=1&wid=9w2n7f	最後に表示された完了コードを選んでください	完了コード1文字目	0@1@2@3@4@5@6@7@8@9	完了コード2文字目	0@1@2@3@4@5@6@7@8@9	完了コード3文字目	0@1@2@3@4@5@6@7@8@9	
x69rtr	0				ページを開き、課題を完了させてください。	課題の最後に、完了コードが表示されます。	https://kana-task.web.app/transfer_test.html?prod=1&wid=x69rtr	最後に表示された完了コードを選んでください	完了コード1文字目	0@1@2@3@4@5@6@7@8@9	完了コード2文字目	0@1@2@3@4@5@6@7@8@9	完了コード3文字目	0@1@2@3@4@5@6@7@8@9	
vzqw98	0				ページを開き、課題を完了させてください。	課題の最後に、完了コードが表示されます。	https://kana-task.web.app/transfer_test.html?prod=1&wid=vzqw98	最後に表示された完了コードを選んでください	完了コード1文字目	0@1@2@3@4@5@6@7@8@9	完了コード2文字目	0@1@2@3@4@5@6@7@8@9	完了コード3文字目	0@1@2@3@4@5@6@7@8@9	
v2p9e4	0				ページを開き、課題を完了させてください。	課題の最後に、完了コードが表示されます。	https://kana-task.web.app/transfer_test.html?prod=1&wid=v2p9e4	最後に表示された完了コードを選んでください	完了コード1文字目	0@1@2@3@4@5@6@7@8@9	完了コード2文字目	0@1@2@3@4@5@6@7@8@9	完了コード3文字目	0@1@2@3@4@5@6@7@8@9	
fd9dd9	0				ページを開き、課題を完了させてください。	課題の最後に、完了コードが表示されます。	https://kana-task.web.app/transfer_test.html?prod=1&wid=fd9dd9	最後に表示された完了コードを選んでください	完了コード1文字目	0@1@2@3@4@5@6@7@8@9	完了コード2文字目	0@1@2@3@4@5@6@7@8@9	完了コード3文字目	0@1@2@3@4@5@6@7@8@9	
2drqv6	0				ページを開き、課題を完了させてください。	課題の最後に、完了コードが表示されます。	https://kana-task.web.app/transfer_test.html?prod=1&wid=2drqv6	最後に表示された完了コードを選んでください	完了コード1文字目	0@1@2@3@4@5@6@7@8@9	完了コード2文字目	0@1@2@3@4@5@6@7@8@9	完了コード3文字目	0@1@2@3@4@5@6@7@8@9	
4pdntk	0				ページを開き、課題を完了させてください。	課題の最後に、完了コードが表示されます。	https://kana-task.web.app/transfer_test.html?prod=1&wid=4pdntk	最後に表示された完了コードを選んでください	完了コード1文字目	0@1@2@3@4@5@6@7@8@9	完了コード2文字目	0@1@2@3@4@5@6@7@8@9	完了コード3文字目	0@1@2@3@4@5@6@7@8@9	
4za4pn	0				ページを開き、課題を完了させてください。	課題の最後に、完了コードが表示されます。	https://kana-task.web.app/transfer_test.html?prod=1&wid=4za4pn	最後に表示された完了コードを選んでください	完了コード1文字目	0@1@2@3@4@5@6@7@8@9	完了コード2文字目	0@1@2@3@4@5@6@7@8@9	完了コード3文字目	0@1@2@3@4@5@6@7@8@9	
xyagsz	0				ページを開き、課題を完了させてください。	課題の最後に、完了コードが表示されます。	https://kana-task.web.app/transfer_test.html?prod=1&wid=xyagsz	最後に表示された完了コードを選んでください	完了コード1文字目	0@1@2@3@4@5@6@7@8@9	完了コード2文字目	0@1@2@3@4@5@6@7@8@9	完了コード3文字目	0@1@2@3@4@5@6@7@8@9	
z6skrk	0				ページを開き、課題を完了させてください。	課題の最後に、完了コードが表示されます。	https://kana-task.web.app/transfer_test.html?prod=1&wid=z6skrk	最後に表示された完了コードを選んでください	完了コード1文字目	0@1@2@3@4@5@6@7@8@9	完了コード2文字目	0@1@2@3@4@5@6@7@8@9	完了コード3文字目	0@1@2@3@4@5@6@7@8@9	
xjsxv5	0				ページを開き、課題を完了させてください。	課題の最後に、完了コードが表示されます。	https://kana-task.web.app/transfer_test.html?prod=1&wid=xjsxv5	最後に表示された完了コードを選んでください	完了コード1文字目	0@1@2@3@4@5@6@7@8@9	完了コード2文字目	0@1@2@3@4@5@6@7@8@9	完了コード3文字目	0@1@2@3@4@5@6@7@8@9	
25wce9	0				ページを開き、課題を完了させてください。	課題の最後に、完了コードが表示されます。	https://kana-task.web.app/transfer_test.html?prod=1&wid=25wce9	最後に表示された完了コードを選んでください	完了コード1文字目	0@1@2@3@4@5@6@7@8@9	完了コード2文字目	0@1@2@3@4@5@6@7@8@9	完了コード3文字目	0@1@2@3@4@5@6@7@8@9	
m4cqup	0				ページを開き、課題を完了させてください。	課題の最後に、完了コードが表示されます。	https://kana-task.web.app/transfer_test.html?prod=1&wid=m4cqup	最後に表示された完了コードを選んでください	完了コード1文字目	0@1@2@3@4@5@6@7@8@9	完了コード2文字目	0@1@2@3@4@5@6@7@8@9	完了コード3文字目	0@1@2@3@4@5@6@7@8@9	
gwquef	0				ページを開き、課題を完了させてください。	課題の最後に、完了コードが表示されます。	https://kana-task.web.app/transfer_test.html?prod=1&wid=gwquef	最後に表示された完了コードを選んでください	完了コード1文字目	0@1@2@3@4@5@6@7@8@9	完了コード2文字目	0@1@2@3@4@5@6@7@8@9	完了コード3文字目	0@1@2@3@4@5@6@7@8@9	
dmkjjc	0				ページを開き、課題を完了させてください。	課題の最後に、完了コードが表示されます。	https://kana-task.web.app/transfer_test.html?prod=1&wid=dmkjjc	最後に表示された完了コードを選んでください	完了コード1文字目	0@1@2@3@4@5@6@7@8@9	完了コード2文字目	0@1@2@3@4@5@6@7@8@9	完了コード3文字目	0@1@2@3@4@5@6@7@8@9	
bce23q	0				ページを開き、課題を完了させてください。	課題の最後に、完了コードが表示されます。	https://kana-task.web.app/transfer_test.html?prod=1&wid=bce23q	最後に表示された完了コードを選んでください	完了コード1文字目	0@1@2@3@4@5@6@7@8@9	完了コード2文字目	0@1@2@3@4@5@6@7@8@9	完了コード3文字目	0@1@2@3@4@5@6@7@8@9	
yuwwtn	0				ページを開き、課題を完了させてください。	課題の最後に、完了コードが表示されます。	https://kana-task.web.app/transfer_test.html?prod=1&wid=yuwwtn	最後に表示された完了コードを選んでください	完了コード1文字目	0@1@2@3@4@5@6@7@8@9	完了コード2文字目	0@1@2@3@4@5@6@7@8@9	完了コード3文字目	0@1@2@3@4@5@6@7@8@9	
wsxfwn	0				ページを開き、課題を完了させてください。	課題の最後に、完了コードが表示されます。	https://kana-task.web.app/transfer_test.html?prod=1&wid=wsxfwn	最後に表示された完了コードを選んでください	完了コード1文字目	0@1@2@3@4@5@6@7@8@9	完了コード2文字目	0@1@2@3@4@5@6@7@8@9	完了コード3文字目	0@1@2@3@4@5@6@7@8@9	
36kpjb	0				ページを開き、課題を完了させてください。	課題の最後に、完了コードが表示されます。	https://kana-task.web.app/transfer_test.html?prod=1&wid=36kpjb	最後に表示された完了コードを選んでください	完了コード1文字目	0@1@2@3@4@5@6@7@8@9	完了コード2文字目	0@1@2@3@4@5@6@7@8@9	完了コード3文字目	0@1@2@3@4@5@6@7@8@9	
rctmej	0				ページを開き、課題を完了させてください。	課題の最後に、完了コードが表示されます。	https://kana-task.web.app/transfer_test.html?prod=1&wid=rctmej	最後に表示された完了コードを選んでください	完了コード1文字目	0@1@2@3@4@5@6@7@8@9	完了コード2文字目	0@1@2@3@4@5@6@7@8@9	完了コード3文字目	0@1@2@3@4@5@6@7@8@9	
cf597a	0				ページを開き、課題を完了させてください。	課題の最後に、完了コードが表示されます。	https://kana-task.web.app/transfer_test.html?prod=1&wid=cf597a	最後に表示された完了コードを選んでください	完了コード1文字目	0@1@2@3@4@5@6@7@8@9	完了コード2文字目	0@1@2@3@4@5@6@7@8@9	完了コード3文字目	0@1@2@3@4@5@6@7@8@9	
s2fnye	0				ページを開き、課題を完了させてください。	課題の最後に、完了コードが表示されます。	https://kana-task.web.app/transfer_test.html?prod=1&wid=s2fnye	最後に表示された完了コードを選んでください	完了コード1文字目	0@1@2@3@4@5@6@7@8@9	完了コード2文字目	0@1@2@3@4@5@6@7@8@9	完了コード3文字目	0@1@2@3@4@5@6@7@8@9	
kbuquh	0				ページを開き、課題を完了させてください。	課題の最後に、完了コードが表示されます。	https://kana-task.web.app/transfer_test.html?prod=1&wid=kbuquh	最後に表示された完了コードを選んでください	完了コード1文字目	0@1@2@3@4@5@6@7@8@9	完了コード2文字目	0@1@2@3@4@5@6@7@8@9	完了コード3文字目	0@1@2@3@4@5@6@7@8@9	
96kt4n	0				ページを開き、課題を完了させてください。	課題の最後に、完了コードが表示されます。	https://kana-task.web.app/transfer_test.html?prod=1&wid=96kt4n	最後に表示された完了コードを選んでください	完了コード1文字目	0@1@2@3@4@5@6@7@8@9	完了コード2文字目	0@1@2@3@4@5@6@7@8@9	完了コード3文字目	0@1@2@3@4@5@6@7@8@9	
gjt9h2	0				ページを開き、課題を完了させてください。	課題の最後に、完了コードが表示されます。	https://kana-task.web.app/transfer_test.html?prod=1&wid=gjt9h2	最後に表示された完了コードを選んでください	完了コード1文字目	0@1@2@3@4@5@6@7@8@9	完了コード2文字目	0@1@2@3@4@5@6@7@8@9	完了コード3文字目	0@1@2@3@4@5@6@7@8@9	
72dqb2	0				ページを開き、課題を完了させてください。	課題の最後に、完了コードが表示されます。	https://kana-task.web.app/transfer_test.html?prod=1&wid=72dqb2	最後に表示された完了コードを選んでください	完了コード1文字目	0@1@2@3@4@5@6@7@8@9	完了コード2文字目	0@1@2@3@4@5@6@7@8@9	完了コード3文字目	0@1@2@3@4@5@6@7@8@9	
5uqj9w	0				ページを開き、課題を完了させてください。	課題の最後に、完了コードが表示されます。	https://kana-task.web.app/transfer_test.html?prod=1&wid=5uqj9w	最後に表示された完了コードを選んでください	完了コード1文字目	0@1@2@3@4@5@6@7@8@9	完了コード2文字目	0@1@2@3@4@5@6@7@8@9	完了コード3文字目	0@1@2@3@4@5@6@7@8@9	
vyvs5h	0				ページを開き、課題を完了させてください。	課題の最後に、完了コードが表示されます。	https://kana-task.web.app/transfer_test.html?prod=1&wid=vyvs5h	最後に表示された完了コードを選んでください	完了コード1文字目	0@1@2@3@4@5@6@7@8@9	完了コード2文字目	0@1@2@3@4@5@6@7@8@9	完了コード3文字目	0@1@2@3@4@5@6@7@8@9	
tgfjmt	0				ページを開き、課題を完了させてください。	課題の最後に、完了コードが表示されます。	https://kana-task.web.app/transfer_test.html?prod=1&wid=tgfjmt	最後に表示された完了コードを選んでください	完了コード1文字目	0@1@2@3@4@5@6@7@8@9	完了コード2文字目	0@1@2@3@4@5@6@7@8@9	完了コード3文字目	0@1@2@3@4@5@6@7@8@9	
6fpkqy	0				ページを開き、課題を完了させてください。	課題の最後に、完了コードが表示されます。	https://kana-task.web.app/transfer_test.html?prod=1&wid=6fpkqy	最後に表示された完了コードを選んでください	完了コード1文字目	0@1@2@3@4@5@6@7@8@9	完了コード2文字目	0@1@2@3@4@5@6@7@8@9	完了コード3文字目	0@1@2@3@4@5@6@7@8@9	
ks4vv4	0				ページを開き、課題を完了させてください。	課題の最後に、完了コードが表示されます。	https://kana-task.web.app/transfer_test.html?prod=1&wid=ks4vv4	最後に表示された完了コードを選んでください	完了コード1文字目	0@1@2@3@4@5@6@7@8@9	完了コード2文字目	0@1@2@3@4@5@6@7@8@9	完了コード3文字目	0@1@2@3@4@5@6@7@8@9	
7ts5ud	0				ページを開き、課題を完了させてください。	課題の最後に、完了コードが表示されます。	https://kana-task.web.app/transfer_test.html?prod=1&wid=7ts5ud	最後に表示された完了コードを選んでください	完了コード1文字目	0@1@2@3@4@5@6@7@8@9	完了コード2文字目	0@1@2@3@4@5@6@7@8@9	完了コード3文字目	0@1@2@3@4@5@6@7@8@9	
3jvsx8	0				ページを開き、課題を完了させてください。	課題の最後に、完了コードが表示されます。	https://kana-task.web.app/transfer_test.html?prod=1&wid=3jvsx8	最後に表示された完了コードを選んでください	完了コード1文字目	0@1@2@3@4@5@6@7@8@9	完了コード2文字目	0@1@2@3@4@5@6@7@8@9	完了コード3文字目	0@1@2@3@4@5@6@7@8@9	
4mbcrk	0				ページを開き、課題を完了させてください。	課題の最後に、完了コードが表示されます。	https://kana-task.web.app/transfer_test.html?prod=1&wid=4mbcrk	最後に表示された完了コードを選んでください	完了コード1文字目	0@1@2@3@4@5@6@7@8@9	完了コード2文字目	0@1@2@3@4@5@6@7@8@9	完了コード3文字目	0@1@2@3@4@5@6@7@8@9	
eg3v8w	0				ページを開き、課題を完了させてください。	課題の最後に、完了コードが表示されます。	https://kana-task.web.app/transfer_test.html?prod=1&wid=eg3v8w	最後に表示された完了コードを選んでください	完了コード1文字目	0@1@2@3@4@5@6@7@8@9	完了コード2文字目	0@1@2@3@4@5@6@7@8@9	完了コード3文字目	0@1@2@3@4@5@6@7@8@9	
x6r4as	0				ページを開き、課題を完了させてください。	課題の最後に、完了コードが表示されます。	https://kana-task.web.app/transfer_test.html?prod=1&wid=x6r4as	最後に表示された完了コードを選んでください	完了コード1文字目	0@1@2@3@4@5@6@7@8@9	完了コード2文字目	0@1@2@3@4@5@6@7@8@9	完了コード3文字目	0@1@2@3@4@5@6@7@8@9	
y8rj47	0				ページを開き、課題を完了させてください。	課題の最後に、完了コードが表示されます。	https://kana-task.web.app/transfer_test.html?prod=1&wid=y8rj47	最後に表示された完了コードを選んでください	完了コード1文字目	0@1@2@3@4@5@6@7@8@9	完了コード2文字目	0@1@2@3@4@5@6@7@8@9	完了コード3文字目	0@1@2@3@4@5@6@7@8@9	
kk2467	0				ページを開き、課題を完了させてください。	課題の最後に、完了コードが表示されます。	https://kana-task.web.app/transfer_test.html?prod=1&wid=kk2467	最後に表示された完了コードを選んでください	完了コード1文字目	0@1@2@3@4@5@6@7@8@9	完了コード2文字目	0@1@2@3@4@5@6@7@8@9	完了コード3文字目	0@1@2@3@4@5@6@7@8@9	
3xeu8x	0				ページを開き、課題を完了させてください。	課題の最後に、完了コードが表示されます。	https://kana-task.web.app/transfer_test.html?prod=1&wid=3xeu8x	最後に表示された完了コードを選んでください	完了コード1文字目	0@1@2@3@4@5@6@7@8@9	完了コード2文字目	0@1@2@3@4@5@6@7@8@9	完了コード3文字目	0@1@2@3@4@5@6@7@8@9	
7sbrm3	0				ページを開き、課題を完了させてください。	課題の最後に、完了コードが表示されます。	https://kana-task.web.app/transfer_test.html?prod=1&wid=7sbrm3	最後に表示された完了コードを選んでください	完了コード1文字目	0@1@2@3@4@5@6@7@8@9	完了コード2文字目	0@1@2@3@4@5@6@7@8@9	完了コード3文字目	0@1@2@3@4@5@6@7@8@9	
tj8yvq	0				ページを開き、課題を完了させてください。	課題の最後に、完了コードが表示されます。	https://kana-task.web.app/transfer_test.html?prod=1&wid=tj8yvq	最後に表示された完了コードを選んでください	完了コード1文字目	0@1@2@3@4@5@6@7@8@9	完了コード2文字目	0@1@2@3@4@5@6@7@8@9	完了コード3文字目	0@1@2@3@4@5@6@7@8@9	
5x2ypx	0				ページを開き、課題を完了させてください。	課題の最後に、完了コードが表示されます。	https://kana-task.web.app/transfer_test.html?prod=1&wid=5x2ypx	最後に表示された完了コードを選んでください	完了コード1文字目	0@1@2@3@4@5@6@7@8@9	完了コード2文字目	0@1@2@3@4@5@6@7@8@9	完了コード3文字目	0@1@2@3@4@5@6@7@8@9	
3sc4x6	0				ページを開き、課題を完了させてください。	課題の最後に、完了コードが表示されます。	https://kana-task.web.app/transfer_test.html?prod=1&wid=3sc4x6	最後に表示された完了コードを選んでください	完了コード1文字目	0@1@2@3@4@5@6@7@8@9	完了コード2文字目	0@1@2@3@4@5@6@7@8@9	完了コード3文字目	0@1@2@3@4@5@6@7@8@9	
3jzbvr	0				ページを開き、課題を完了させてください。	課題の最後に、完了コードが表示されます。	https://kana-task.web.app/transfer_test.html?prod=1&wid=3jzbvr	最後に表示された完了コードを選んでください	完了コード1文字目	0@1@2@3@4@5@6@7@8@9	完了コード2文字目	0@1@2@3@4@5@6@7@8@9	完了コード3文字目	0@1@2@3@4@5@6@7@8@9	
rq2y4e	0				ページを開き、課題を完了させてください。	課題の最後に、完了コードが表示されます。	https://kana-task.web.app/transfer_test.html?prod=1&wid=rq2y4e	最後に表示された完了コードを選んでください	完了コード1文字目	0@1@2@3@4@5@6@7@8@9	完了コード2文字目	0@1@2@3@4@5@6@7@8@9	完了コード3文字目	0@1@2@3@4@5@6@7@8@9	
svv59m	0				ページを開き、課題を完了させてください。	課題の最後に、完了コードが表示されます。	https://kana-task.web.app/transfer_test.html?prod=1&wid=svv59m	最後に表示された完了コードを選んでください	完了コード1文字目	0@1@2@3@4@5@6@7@8@9	完了コード2文字目	0@1@2@3@4@5@6@7@8@9	完了コード3文字目	0@1@2@3@4@5@6@7@8@9	
u98qk7	0				ページを開き、課題を完了させてください。	課題の最後に、完了コードが表示されます。	https://kana-task.web.app/transfer_test.html?prod=1&wid=u98qk7	最後に表示された完了コードを選んでください	完了コード1文字目	0@1@2@3@4@5@6@7@8@9	完了コード2文字目	0@1@2@3@4@5@6@7@8@9	完了コード3文字目	0@1@2@3@4@5@6@7@8@9	
qy7t2a	0				ページを開き、課題を完了させてください。	課題の最後に、完了コードが表示されます。	https://kana-task.web.app/transfer_test.html?prod=1&wid=qy7t2a	最後に表示された完了コードを選んでください	完了コード1文字目	0@1@2@3@4@5@6@7@8@9	完了コード2文字目	0@1@2@3@4@5@6@7@8@9	完了コード3文字目	0@1@2@3@4@5@6@7@8@9	
d9g4r8	0				ページを開き、課題を完了させてください。	課題の最後に、完了コードが表示されます。	https://kana-task.web.app/transfer_test.html?prod=1&wid=d9g4r8	最後に表示された完了コードを選んでください	完了コード1文字目	0@1@2@3@4@5@6@7@8@9	完了コード2文字目	0@1@2@3@4@5@6@7@8@9	完了コード3文字目	0@1@2@3@4@5@6@7@8@9	
awbes9	0				ページを開き、課題を完了させてください。	課題の最後に、完了コードが表示されます。	https://kana-task.web.app/transfer_test.html?prod=1&wid=awbes9	最後に表示された完了コードを選んでください	完了コード1文字目	0@1@2@3@4@5@6@7@8@9	完了コード2文字目	0@1@2@3@4@5@6@7@8@9	完了コード3文字目	0@1@2@3@4@5@6@7@8@9	
2xufpk	0				ページを開き、課題を完了させてください。	課題の最後に、完了コードが表示されます。	https://kana-task.web.app/transfer_test.html?prod=1&wid=2xufpk	最後に表示された完了コードを選んでください	完了コード1文字目	0@1@2@3@4@5@6@7@8@9	完了コード2文字目	0@1@2@3@4@5@6@7@8@9	完了コード3文字目	0@1@2@3@4@5@6@7@8@9	
qyjjav	0				ページを開き、課題を完了させてください。	課題の最後に、完了コードが表示されます。	https://kana-task.web.app/transfer_test.html?prod=1&wid=qyjjav	最後に表示された完了コードを選んでください	完了コード1文字目	0@1@2@3@4@5@6@7@8@9	完了コード2文字目	0@1@2@3@4@5@6@7@8@9	完了コード3文字目	0@1@2@3@4@5@6@7@8@9	
rtjm8g	0				ページを開き、課題を完了させてください。	課題の最後に、完了コードが表示されます。	https://kana-task.web.app/transfer_test.html?prod=1&wid=rtjm8g	最後に表示された完了コードを選んでください	完了コード1文字目	0@1@2@3@4@5@6@7@8@9	完了コード2文字目	0@1@2@3@4@5@6@7@8@9	完了コード3文字目	0@1@2@3@4@5@6@7@8@9	
hr47sq	0				ページを開き、課題を完了させてください。	課題の最後に、完了コードが表示されます。	https://kana-task.web.app/transfer_test.html?prod=1&wid=hr47sq	最後に表示された完了コードを選んでください	完了コード1文字目	0@1@2@3@4@5@6@7@8@9	完了コード2文字目	0@1@2@3@4@5@6@7@8@9	完了コード3文字目	0@1@2@3@4@5@6@7@8@9	
z2x3yh	0				ページを開き、課題を完了させてください。	課題の最後に、完了コードが表示されます。	https://kana-task.web.app/transfer_test.html?prod=1&wid=z2x3yh	最後に表示された完了コードを選んでください	完了コード1文字目	0@1@2@3@4@5@6@7@8@9	完了コード2文字目	0@1@2@3@4@5@6@7@8@9	完了コード3文字目	0@1@2@3@4@5@6@7@8@9	
7fqbd7	0				ページを開き、課題を完了させてください。	課題の最後に、完了コードが表示されます。	https://kana-task.web.app/transfer_test.html?prod=1&wid=7fqbd7	最後に表示された完了コードを選んでください	完了コード1文字目	0@1@2@3@4@5@6@7@8@9	完了コード2文字目	0@1@2@3@4@5@6@7@8@9	完了コード3文字目	0@1@2@3@4@5@6@7@8@9	
xby9g8	0				ページを開き、課題を完了させてください。	課題の最後に、完了コードが表示されます。	https://kana-task.web.app/transfer_test.html?prod=1&wid=xby9g8	最後に表示された完了コードを選んでください	完了コード1文字目	0@1@2@3@4@5@6@7@8@9	完了コード2文字目	0@1@2@3@4@5@6@7@8@9	完了コード3文字目	0@1@2@3@4@5@6@7@8@9	
xqufzx	0				ページを開き、課題を完了させてください。	課題の最後に、完了コードが表示されます。	https://kana-task.web.app/transfer_test.html?prod=1&wid=xqufzx	最後に表示された完了コードを選んでください	完了コード1文字目	0@1@2@3@4@5@6@7@8@9	完了コード2文字目	0@1@2@3@4@5@6@7@8@9	完了コード3文字目	0@1@2@3@4@5@6@7@8@9	
wj2sd8	0				ページを開き、課題を完了させてください。	課題の最後に、完了コードが表示されます。	https://kana-task.web.app/transfer_test.html?prod=1&wid=wj2sd8	最後に表示された完了コードを選んでください	完了コード1文字目	0@1@2@3@4@5@6@7@8@9	完了コード2文字目	0@1@2@3@4@5@6@7@8@9	完了コード3文字目	0@1@2@3@4@5@6@7@8@9	
dd84k4	0				ページを開き、課題を完了させてください。	課題の最後に、完了コードが表示されます。	https://kana-task.web.app/transfer_test.html?prod=1&wid=dd84k4	最後に表示された完了コードを選んでください	完了コード1文字目	0@1@2@3@4@5@6@7@8@9	完了コード2文字目	0@1@2@3@4@5@6@7@8@9	完了コード3文字目	0@1@2@3@4@5@6@7@8@9	
9vgzjh	0				ページを開き、課題を完了させてください。	課題の最後に、完了コードが表示されます。	https://kana-task.web.app/transfer_test.html?prod=1&wid=9vgzjh	最後に表示された完了コードを選んでください	完了コード1文字目	0@1@2@3@4@5@6@7@8@9	完了コード2文字目	0@1@2@3@4@5@6@7@8@9	完了コード3文字目	0@1@2@3@4@5@6@7@8@9	
fseqaz	0				ページを開き、課題を完了させてください。	課題の最後に、完了コードが表示されます。	https://kana-task.web.app/transfer_test.html?prod=1&wid=fseqaz	最後に表示された完了コードを選んでください	完了コード1文字目	0@1@2@3@4@5@6@7@8@9	完了コード2文字目	0@1@2@3@4@5@6@7@8@9	完了コード3文字目	0@1@2@3@4@5@6@7@8@9	
4gynk7	0				ページを開き、課題を完了させてください。	課題の最後に、完了コードが表示されます。	https://kana-task.web.app/transfer_test.html?prod=1&wid=4gynk7	最後に表示された完了コードを選んでください	完了コード1文字目	0@1@2@3@4@5@6@7@8@9	完了コード2文字目	0@1@2@3@4@5@6@7@8@9	完了コード3文字目	0@1@2@3@4@5@6@7@8@9	
9b5n9p	0				ページを開き、課題を完了させてください。	課題の最後に、完了コードが表示されます。	https://kana-task.web.app/transfer_test.html?prod=1&wid=9b5n9p	最後に表示された完了コードを選んでください	完了コード1文字目	0@1@2@3@4@5@6@7@8@9	完了コード2文字目	0@1@2@3@4@5@6@7@8@9	完了コード3文字目	0@1@2@3@4@5@6@7@8@9	
jzmx7c	0				ページを開き、課題を完了させてください。	課題の最後に、完了コードが表示されます。	https://kana-task.web.app/transfer_test.html?prod=1&wid=jzmx7c	最後に表示された完了コードを選んでください	完了コード1文字目	0@1@2@3@4@5@6@7@8@9	完了コード2文字目	0@1@2@3@4@5@6@7@8@9	完了コード3文字目	0@1@2@3@4@5@6@7@8@9	
87d53b	0				ページを開き、課題を完了させてください。	課題の最後に、完了コードが表示されます。	https://kana-task.web.app/transfer_test.html?prod=1&wid=87d53b	最後に表示された完了コードを選んでください	完了コード1文字目	0@1@2@3@4@5@6@7@8@9	完了コード2文字目	0@1@2@3@4@5@6@7@8@9	完了コード3文字目	0@1@2@3@4@5@6@7@8@9	
wxt58n	0				ページを開き、課題を完了させてください。	課題の最後に、完了コードが表示されます。	https://kana-task.web.app/transfer_test.html?prod=1&wid=wxt58n	最後に表示された完了コードを選んでください	完了コード1文字目	0@1@2@3@4@5@6@7@8@9	完了コード2文字目	0@1@2@3@4@5@6@7@8@9	完了コード3文字目	0@1@2@3@4@5@6@7@8@9	
m6skfg	0				ページを開き、課題を完了させてください。	課題の最後に、完了コードが表示されます。	https://kana-task.web.app/transfer_test.html?prod=1&wid=m6skfg	最後に表示された完了コードを選んでください	完了コード1文字目	0@1@2@3@4@5@6@7@8@9	完了コード2文字目	0@1@2@3@4@5@6@7@8@9	完了コード3文字目	0@1@2@3@4@5@6@7@8@9	
yneqqs	0				ページを開き、課題を完了させてください。	課題の最後に、完了コードが表示されます。	https://kana-task.web.app/transfer_test.html?prod=1&wid=yneqqs	最後に表示された完了コードを選んでください	完了コード1文字目	0@1@2@3@4@5@6@7@8@9	完了コード2文字目	0@1@2@3@4@5@6@7@8@9	完了コード3文字目	0@1@2@3@4@5@6@7@8@9	
rbx3tr	0				ページを開き、課題を完了させてください。	課題の最後に、完了コードが表示されます。	https://kana-task.web.app/transfer_test.html?prod=1&wid=rbx3tr	最後に表示された完了コードを選んでください	完了コード1文字目	0@1@2@3@4@5@6@7@8@9	完了コード2文字目	0@1@2@3@4@5@6@7@8@9	完了コード3文字目	0@1@2@3@4@5@6@7@8@9	
zwduv2	0				ページを開き、課題を完了させてください。	課題の最後に、完了コードが表示されます。	https://kana-task.web.app/transfer_test.html?prod=1&wid=zwduv2	最後に表示された完了コードを選んでください	完了コード1文字目	0@1@2@3@4@5@6@7@8@9	完了コード2文字目	0@1@2@3@4@5@6@7@8@9	完了コード3文字目	0@1@2@3@4@5@6@7@8@9	
xr5tzp	0				ページを開き、課題を完了させてください。	課題の最後に、完了コードが表示されます。	https://kana-task.web.app/transfer_test.html?prod=1&wid=xr5tzp	最後に表示された完了コードを選んでください	完了コード1文字目	0@1@2@3@4@5@6@7@8@9	完了コード2文字目	0@1@2@3@4@5@6@7@8@9	完了コード3文字目	0@1@2@3@4@5@6@7@8@9	
dzsbd8	0				ページを開き、課題を完了させてください。	課題の最後に、完了コードが表示されます。	https://kana-task.web.app/transfer_test.html?prod=1&wid=dzsbd8	最後に表示された完了コードを選んでください	完了コード1文字目	0@1@2@3@4@5@6@7@8@9	完了コード2文字目	0@1@2@3@4@5@6@7@8@9	完了コード3文字目	0@1@2@3@4@5@6@7@8@9	
92p7xq	0				ページを開き、課題を完了させてください。	課題の最後に、完了コードが表示されます。	https://kana-task.web.app/transfer_test.html?prod=1&wid=92p7xq	最後に表示された完了コードを選んでください	完了コード1文字目	0@1@2@3@4@5@6@7@8@9	完了コード2文字目	0@1@2@3@4@5@6@7@8@9	完了コード3文字目	0@1@2@3@4@5@6@7@8@9	
jtxmnv	0				ページを開き、課題を完了させてください。	課題の最後に、完了コードが表示されます。	https://kana-task.web.app/transfer_test.html?prod=1&wid=jtxmnv	最後に表示された完了コードを選んでください	完了コード1文字目	0@1@2@3@4@5@6@7@8@9	完了コード2文字目	0@1@2@3@4@5@6@7@8@9	完了コード3文字目	0@1@2@3@4@5@6@7@8@9	
cq4nbc	0				ページを開き、課題を完了させてください。	課題の最後に、完了コードが表示されます。	https://kana-task.web.app/transfer_test.html?prod=1&wid=cq4nbc	最後に表示された完了コードを選んでください	完了コード1文字目	0@1@2@3@4@5@6@7@8@9	完了コード2文字目	0@1@2@3@4@5@6@7@8@9	完了コード3文字目	0@1@2@3@4@5@6@7@8@9	
3mmq9s	0				ページを開き、課題を完了させてください。	課題の最後に、完了コードが表示されます。	https://kana-task.web.app/transfer_test.html?prod=1&wid=3mmq9s	最後に表示された完了コードを選んでください	完了コード1文字目	0@1@2@3@4@5@6@7@8@9	完了コード2文字目	0@1@2@3@4@5@6@7@8@9	完了コード3文字目	0@1@2@3@4@5@6@7@8@9	
b3x7cw	0				ページを開き、課題を完了させてください。	課題の最後に、完了コードが表示されます。	https://kana-task.web.app/transfer_test.html?prod=1&wid=b3x7cw	最後に表示された完了コードを選んでください	完了コード1文字目	0@1@2@3@4@5@6@7@8@9	完了コード2文字目	0@1@2@3@4@5@6@7@8@9	完了コード3文字目	0@1@2@3@4@5@6@7@8@9	
bmwgkz	0				ページを開き、課題を完了させてください。	課題の最後に、完了コードが表示されます。	https://kana-task.web.app/transfer_test.html?prod=1&wid=bmwgkz	最後に表示された完了コードを選んでください	完了コード1文字目	0@1@2@3@4@5@6@7@8@9	完了コード2文字目	0@1@2@3@4@5@6@7@8@9	完了コード3文字目	0@1@2@3@4@5@6@7@8@9	
2qc3jd	0				ページを開き、課題を完了させてください。	課題の最後に、完了コードが表示されます。	https://kana-task.web.app/transfer_test.html?prod=1&wid=2qc3jd	最後に表示された完了コードを選んでください	完了コード1文字目	0@1@2@3@4@5@6@7@8@9	完了コード2文字目	0@1@2@3@4@5@6@7@8@9	完了コード3文字目	0@1@2@3@4@5@6@7@8@9	
4ptpcg	0				ページを開き、課題を完了させてください。	課題の最後に、完了コードが表示されます。	https://kana-task.web.app/transfer_test.html?prod=1&wid=4ptpcg	最後に表示された完了コードを選んでください	完了コード1文字目	0@1@2@3@4@5@6@7@8@9	完了コード2文字目	0@1@2@3@4@5@6@7@8@9	完了コード3文字目	0@1@2@3@4@5@6@7@8@9	
zkft7s	0				ページを開き、課題を完了させてください。	課題の最後に、完了コードが表示されます。	https://kana-task.web.app/transfer_test.html?prod=1&wid=zkft7s	最後に表示された完了コードを選んでください	完了コード1文字目	0@1@2@3@4@5@6@7@8@9	完了コード2文字目	0@1@2@3@4@5@6@7@8@9	完了コード3文字目	0@1@2@3@4@5@6@7@8@9	
rzqrj4	0				ページを開き、課題を完了させてください。	課題の最後に、完了コードが表示されます。	https://kana-task.web.app/transfer_test.html?prod=1&wid=rzqrj4	最後に表示された完了コードを選んでください	完了コード1文字目	0@1@2@3@4@5@6@7@8@9	完了コード2文字目	0@1@2@3@4@5@6@7@8@9	完了コード3文字目	0@1@2@3@4@5@6@7@8@9	
mp92mg	0				ページを開き、課題を完了させてください。	課題の最後に、完了コードが表示されます。	https://kana-task.web.app/transfer_test.html?prod=1&wid=mp92mg	最後に表示された完了コードを選んでください	完了コード1文字目	0@1@2@3@4@5@6@7@8@9	完了コード2文字目	0@1@2@3@4@5@6@7@8@9	完了コード3文字目	0@1@2@3@4@5@6@7@8@9	
yzc36p	0				ページを開き、課題を完了させてください。	課題の最後に、完了コードが表示されます。	https://kana-task.web.app/transfer_test.html?prod=1&wid=yzc36p	最後に表示された完了コードを選んでください	完了コード1文字目	0@1@2@3@4@5@6@7@8@9	完了コード2文字目	0@1@2@3@4@5@6@7@8@9	完了コード3文字目	0@1@2@3@4@5@6@7@8@9	
2zhfsc	0				ページを開き、課題を完了させてください。	課題の最後に、完了コードが表示されます。	https://kana-task.web.app/transfer_test.html?prod=1&wid=2zhfsc	最後に表示された完了コードを選んでください	完了コード1文字目	0@1@2@3@4@5@6@7@8@9	完了コード2文字目	0@1@2@3@4@5@6@7@8@9	完了コード3文字目	0@1@2@3@4@5@6@7@8@9	
g26j2y	0				ページを開き、課題を完了させてください。	課題の最後に、完了コードが表示されます。	https://kana-task.web.app/transfer_test.html?prod=1&wid=g26j2y	最後に表示された完了コードを選んでください	完了コード1文字目	0@1@2@3@4@5@6@7@8@9	完了コード2文字目	0@1@2@3@4@5@6@7@8@9	完了コード3文字目	0@1@2@3@4@5@6@7@8@9	
h3wfac	0				ページを開き、課題を完了させてください。	課題の最後に、完了コードが表示されます。	https://kana-task.web.app/transfer_test.html?prod=1&wid=h3wfac	最後に表示された完了コードを選んでください	完了コード1文字目	0@1@2@3@4@5@6@7@8@9	完了コード2文字目	0@1@2@3@4@5@6@7@8@9	完了コード3文字目	0@1@2@3@4@5@6@7@8@9	
uj5hmj	0				ページを開き、課題を完了させてください。	課題の最後に、完了コードが表示されます。	https://kana-task.web.app/transfer_test.html?prod=1&wid=uj5hmj	最後に表示された完了コードを選んでください	完了コード1文字目	0@1@2@3@4@5@6@7@8@9	完了コード2文字目	0@1@2@3@4@5@6@7@8@9	完了コード3文字目	0@1@2@3@4@5@6@7@8@9	
fhdrnt	0				ページを開き、課題を完了させてください。	課題の最後に、完了コードが表示されます。	https://kana-task.web.app/transfer_test.html?prod=1&wid=fhdrnt	最後に表示された完了コードを選んでください	完了コード1文字目	0@1@2@3@4@5@6@7@8@9	完了コード2文字目	0@1@2@3@4@5@6@7@8@9	完了コード3文字目	0@1@2@3@4@5@6@7@8@9	
xg5qct	0				ページを開き、課題を完了させてください。	課題の最後に、完了コードが表示されます。	https://kana-task.web.app/transfer_test.html?prod=1&wid=xg5qct	最後に表示された完了コードを選んでください	完了コード1文字目	0@1@2@3@4@5@6@7@8@9	完了コード2文字目	0@1@2@3@4@5@6@7@8@9	完了コード3文字目	0@1@2@3@4@5@6@7@8@9	
zwt3xr	0				ページを開き、課題を完了させてください。	課題の最後に、完了コードが表示されます。	https://kana-task.web.app/transfer_test.html?prod=1&wid=zwt3xr	最後に表示された完了コードを選んでください	完了コード1文字目	0@1@2@3@4@5@6@7@8@9	完了コード2文字目	0@1@2@3@4@5@6@7@8@9	完了コード3文字目	0@1@2@3@4@5@6@7@8@9	
xfdyxx	0				ページを開き、課題を完了させてください。	課題の最後に、完了コードが表示されます。	https://kana-task.web.app/transfer_test.html?prod=1&wid=xfdyxx	最後に表示された完了コードを選んでください	完了コード1文字目	0@1@2@3@4@5@6@7@8@9	完了コード2文字目	0@1@2@3@4@5@6@7@8@9	完了コード3文字目	0@1@2@3@4@5@6@7@8@9	
nxw9tw	0				ページを開き、課題を完了させてください。	課題の最後に、完了コードが表示されます。	https://kana-task.web.app/transfer_test.html?prod=1&wid=nxw9tw	最後に表示された完了コードを選んでください	完了コード1文字目	0@1@2@3@4@5@6@7@8@9	完了コード2文字目	0@1@2@3@4@5@6@7@8@9	完了コード3文字目	0@1@2@3@4@5@6@7@8@9	
mmv4r6	0				ページを開き、課題を完了させてください。	課題の最後に、完了コードが表示されます。	https://kana-task.web.app/transfer_test.html?prod=1&wid=mmv4r6	最後に表示された完了コードを選んでください	完了コード1文字目	0@1@2@3@4@5@6@7@8@9	完了コード2文字目	0@1@2@3@4@5@6@7@8@9	完了コード3文字目	0@1@2@3@4@5@6@7@8@9	
m4kuqt	0				ページを開き、課題を完了させてください。	課題の最後に、完了コードが表示されます。	https://kana-task.web.app/transfer_test.html?prod=1&wid=m4kuqt	最後に表示された完了コードを選んでください	完了コード1文字目	0@1@2@3@4@5@6@7@8@9	完了コード2文字目	0@1@2@3@4@5@6@7@8@9	完了コード3文字目	0@1@2@3@4@5@6@7@8@9	
hkeyzp	0				ページを開き、課題を完了させてください。	課題の最後に、完了コードが表示されます。	https://kana-task.web.app/transfer_test.html?prod=1&wid=hkeyzp	最後に表示された完了コードを選んでください	完了コード1文字目	0@1@2@3@4@5@6@7@8@9	完了コード2文字目	0@1@2@3@4@5@6@7@8@9	完了コード3文字目	0@1@2@3@4@5@6@7@8@9	
3x9hpq	0				ページを開き、課題を完了させてください。	課題の最後に、完了コードが表示されます。	https://kana-task.web.app/transfer_test.html?prod=1&wid=3x9hpq	最後に表示された完了コードを選んでください	完了コード1文字目	0@1@2@3@4@5@6@7@8@9	完了コード2文字目	0@1@2@3@4@5@6@7@8@9	完了コード3文字目	0@1@2@3@4@5@6@7@8@9	
muun8x	0				ページを開き、課題を完了させてください。	課題の最後に、完了コードが表示されます。	https://kana-task.web.app/transfer_test.html?prod=1&wid=muun8x	最後に表示された完了コードを選んでください	完了コード1文字目	0@1@2@3@4@5@6@7@8@9	完了コード2文字目	0@1@2@3@4@5@6@7@8@9	完了コード3文字目	0@1@2@3@4@5@6@7@8@9	
8kfp84	0				ページを開き、課題を完了させてください。	課題の最後に、完了コードが表示されます。	https://kana-task.web.app/transfer_test.html?prod=1&wid=8kfp84	最後に表示された完了コードを選んでください	完了コード1文字目	0@1@2@3@4@5@6@7@8@9	完了コード2文字目	0@1@2@3@4@5@6@7@8@9	完了コード3文字目	0@1@2@3@4@5@6@7@8@9	
xa6zs9	0				ページを開き、課題を完了させてください。	課題の最後に、完了コードが表示されます。	https://kana-task.web.app/transfer_test.html?prod=1&wid=xa6zs9	最後に表示された完了コードを選んでください	完了コード1文字目	0@1@2@3@4@5@6@7@8@9	完了コード2文字目	0@1@2@3@4@5@6@7@8@9	完了コード3文字目	0@1@2@3@4@5@6@7@8@9	
dz8n3t	0				ページを開き、課題を完了させてください。	課題の最後に、完了コードが表示されます。	https://kana-task.web.app/transfer_test.html?prod=1&wid=dz8n3t	最後に表示された完了コードを選んでください	完了コード1文字目	0@1@2@3@4@5@6@7@8@9	完了コード2文字目	0@1@2@3@4@5@6@7@8@9	完了コード3文字目	0@1@2@3@4@5@6@7@8@9	
qbsmkg	0				ページを開き、課題を完了させてください。	課題の最後に、完了コードが表示されます。	https://kana-task.web.app/transfer_test.html?prod=1&wid=qbsmkg	最後に表示された完了コードを選んでください	完了コード1文字目	0@1@2@3@4@5@6@7@8@9	完了コード2文字目	0@1@2@3@4@5@6@7@8@9	完了コード3文字目	0@1@2@3@4@5@6@7@8@9	
2ser9j	0				ページを開き、課題を完了させてください。	課題の最後に、完了コードが表示されます。	https://kana-task.web.app/transfer_test.html?prod=1&wid=2ser9j	最後に表示された完了コードを選んでください	完了コード1文字目	0@1@2@3@4@5@6@7@8@9	完了コード2文字目	0@1@2@3@4@5@6@7@8@9	完了コード3文字目	0@1@2@3@4@5@6@7@8@9	
gz6286	0				ページを開き、課題を完了させてください。	課題の最後に、完了コードが表示されます。	https://kana-task.web.app/transfer_test.html?prod=1&wid=gz6286	最後に表示された完了コードを選んでください	完了コード1文字目	0@1@2@3@4@5@6@7@8@9	完了コード2文字目	0@1@2@3@4@5@6@7@8@9	完了コード3文字目	0@1@2@3@4@5@6@7@8@9	
5sqru2	0				ページを開き、課題を完了させてください。	課題の最後に、完了コードが表示されます。	https://kana-task.web.app/transfer_test.html?prod=1&wid=5sqru2	最後に表示された完了コードを選んでください	完了コード1文字目	0@1@2@3@4@5@6@7@8@9	完了コード2文字目	0@1@2@3@4@5@6@7@8@9	完了コード3文字目	0@1@2@3@4@5@6@7@8@9	
n6us9c	0				ページを開き、課題を完了させてください。	課題の最後に、完了コードが表示されます。	https://kana-task.web.app/transfer_test.html?prod=1&wid=n6us9c	最後に表示された完了コードを選んでください	完了コード1文字目	0@1@2@3@4@5@6@7@8@9	完了コード2文字目	0@1@2@3@4@5@6@7@8@9	完了コード3文字目	0@1@2@3@4@5@6@7@8@9	
4ggmfv	0				ページを開き、課題を完了させてください。	課題の最後に、完了コードが表示されます。	https://kana-task.web.app/transfer_test.html?prod=1&wid=4ggmfv	最後に表示された完了コードを選んでください	完了コード1文字目	0@1@2@3@4@5@6@7@8@9	完了コード2文字目	0@1@2@3@4@5@6@7@8@9	完了コード3文字目	0@1@2@3@4@5@6@7@8@9	
hyh8v6	0				ページを開き、課題を完了させてください。	課題の最後に、完了コードが表示されます。	https://kana-task.web.app/transfer_test.html?prod=1&wid=hyh8v6	最後に表示された完了コードを選んでください	完了コード1文字目	0@1@2@3@4@5@6@7@8@9	完了コード2文字目	0@1@2@3@4@5@6@7@8@9	完了コード3文字目	0@1@2@3@4@5@6@7@8@9	
yjjg86	0				ページを開き、課題を完了させてください。	課題の最後に、完了コードが表示されます。	https://kana-task.web.app/transfer_test.html?prod=1&wid=yjjg86	最後に表示された完了コードを選んでください	完了コード1文字目	0@1@2@3@4@5@6@7@8@9	完了コード2文字目	0@1@2@3@4@5@6@7@8@9	完了コード3文字目	0@1@2@3@4@5@6@7@8@9	
q3kpzn	0				ページを開き、課題を完了させてください。	課題の最後に、完了コードが表示されます。	https://kana-task.web.app/transfer_test.html?prod=1&wid=q3kpzn	最後に表示された完了コードを選んでください	完了コード1文字目	0@1@2@3@4@5@6@7@8@9	完了コード2文字目	0@1@2@3@4@5@6@7@8@9	完了コード3文字目	0@1@2@3@4@5@6@7@8@9	
999h33	0				ページを開き、課題を完了させてください。	課題の最後に、完了コードが表示されます。	https://kana-task.web.app/transfer_test.html?prod=1&wid=999h33	最後に表示された完了コードを選んでください	完了コード1文字目	0@1@2@3@4@5@6@7@8@9	完了コード2文字目	0@1@2@3@4@5@6@7@8@9	完了コード3文字目	0@1@2@3@4@5@6@7@8@9	
sgf2hs	0				ページを開き、課題を完了させてください。	課題の最後に、完了コードが表示されます。	https://kana-task.web.app/transfer_test.html?prod=1&wid=sgf2hs	最後に表示された完了コードを選んでください	完了コード1文字目	0@1@2@3@4@5@6@7@8@9	完了コード2文字目	0@1@2@3@4@5@6@7@8@9	完了コード3文字目	0@1@2@3@4@5@6@7@8@9	
2km892	0				ページを開き、課題を完了させてください。	課題の最後に、完了コードが表示されます。	https://kana-task.web.app/transfer_test.html?prod=1&wid=2km892	最後に表示された完了コードを選んでください	完了コード1文字目	0@1@2@3@4@5@6@7@8@9	完了コード2文字目	0@1@2@3@4@5@6@7@8@9	完了コード3文字目	0@1@2@3@4@5@6@7@8@9	
r7h76x	0				ページを開き、課題を完了させてください。	課題の最後に、完了コードが表示されます。	https://kana-task.web.app/transfer_test.html?prod=1&wid=r7h76x	最後に表示された完了コードを選んでください	完了コード1文字目	0@1@2@3@4@5@6@7@8@9	完了コード2文字目	0@1@2@3@4@5@6@7@8@9	完了コード3文字目	0@1@2@3@4@5@6@7@8@9	
tf4hkc	0				ページを開き、課題を完了させてください。	課題の最後に、完了コードが表示されます。	https://kana-task.web.app/transfer_test.html?prod=1&wid=tf4hkc	最後に表示された完了コードを選んでください	完了コード1文字目	0@1@2@3@4@5@6@7@8@9	完了コード2文字目	0@1@2@3@4@5@6@7@8@9	完了コード3文字目	0@1@2@3@4@5@6@7@8@9	
6afq2q	0				ページを開き、課題を完了させてください。	課題の最後に、完了コードが表示されます。	https://kana-task.web.app/transfer_test.html?prod=1&wid=6afq2q	最後に表示された完了コードを選んでください	完了コード1文字目	0@1@2@3@4@5@6@7@8@9	完了コード2文字目	0@1@2@3@4@5@6@7@8@9	完了コード3文字目	0@1@2@3@4@5@6@7@8@9	
8pyjbw	0				ページを開き、課題を完了させてください。	課題の最後に、完了コードが表示されます。	https://kana-task.web.app/transfer_test.html?prod=1&wid=8pyjbw	最後に表示された完了コードを選んでください	完了コード1文字目	0@1@2@3@4@5@6@7@8@9	完了コード2文字目	0@1@2@3@4@5@6@7@8@9	完了コード3文字目	0@1@2@3@4@5@6@7@8@9	
mnkcvv	0				ページを開き、課題を完了させてください。	課題の最後に、完了コードが表示されます。	https://kana-task.web.app/transfer_test.html?prod=1&wid=mnkcvv	最後に表示された完了コードを選んでください	完了コード1文字目	0@1@2@3@4@5@6@7@8@9	完了コード2文字目	0@1@2@3@4@5@6@7@8@9	完了コード3文字目	0@1@2@3@4@5@6@7@8@9	
723f4e	0				ページを開き、課題を完了させてください。	課題の最後に、完了コードが表示されます。	https://kana-task.web.app/transfer_test.html?prod=1&wid=723f4e	最後に表示された完了コードを選んでください	完了コード1文字目	0@1@2@3@4@5@6@7@8@9	完了コード2文字目	0@1@2@3@4@5@6@7@8@9	完了コード3文字目	0@1@2@3@4@5@6@7@8@9	
hdwsya	0				ページを開き、課題を完了させてください。	課題の最後に、完了コードが表示されます。	https://kana-task.web.app/transfer_test.html?prod=1&wid=hdwsya	最後に表示された完了コードを選んでください	完了コード1文字目	0@1@2@3@4@5@6@7@8@9	完了コード2文字目	0@1@2@3@4@5@6@7@8@9	完了コード3文字目	0@1@2@3@4@5@6@7@8@9	
veeyux	0				ページを開き、課題を完了させてください。	課題の最後に、完了コードが表示されます。	https://kana-task.web.app/transfer_test.html?prod=1&wid=veeyux	最後に表示された完了コードを選んでください	完了コード1文字目	0@1@2@3@4@5@6@7@8@9	完了コード2文字目	0@1@2@3@4@5@6@7@8@9	完了コード3文字目	0@1@2@3@4@5@6@7@8@9	
95x8z9	0				ページを開き、課題を完了させてください。	課題の最後に、完了コードが表示されます。	https://kana-task.web.app/transfer_test.html?prod=1&wid=95x8z9	最後に表示された完了コードを選んでください	完了コード1文字目	0@1@2@3@4@5@6@7@8@9	完了コード2文字目	0@1@2@3@4@5@6@7@8@9	完了コード3文字目	0@1@2@3@4@5@6@7@8@9	
gq6n5z	0				ページを開き、課題を完了させてください。	課題の最後に、完了コードが表示されます。	https://kana-task.web.app/transfer_test.html?prod=1&wid=gq6n5z	最後に表示された完了コードを選んでください	完了コード1文字目	0@1@2@3@4@5@6@7@8@9	完了コード2文字目	0@1@2@3@4@5@6@7@8@9	完了コード3文字目	0@1@2@3@4@5@6@7@8@9	
baffrb	0				ページを開き、課題を完了させてください。	課題の最後に、完了コードが表示されます。	https://kana-task.web.app/transfer_test.html?prod=1&wid=baffrb	最後に表示された完了コードを選んでください	完了コード1文字目	0@1@2@3@4@5@6@7@8@9	完了コード2文字目	0@1@2@3@4@5@6@7@8@9	完了コード3文字目	0@1@2@3@4@5@6@7@8@9	
ahb93u	0				ページを開き、課題を完了させてください。	課題の最後に、完了コードが表示されます。	https://kana-task.web.app/transfer_test.html?prod=1&wid=ahb93u	最後に表示された完了コードを選んでください	完了コード1文字目	0@1@2@3@4@5@6@7@8@9	完了コード2文字目	0@1@2@3@4@5@6@7@8@9	完了コード3文字目	0@1@2@3@4@5@6@7@8@9	
vv3gur	0				ページを開き、課題を完了させてください。	課題の最後に、完了コードが表示されます。	https://kana-task.web.app/transfer_test.html?prod=1&wid=vv3gur	最後に表示された完了コードを選んでください	完了コード1文字目	0@1@2@3@4@5@6@7@8@9	完了コード2文字目	0@1@2@3@4@5@6@7@8@9	完了コード3文字目	0@1@2@3@4@5@6@7@8@9	
cq3azg	0				ページを開き、課題を完了させてください。	課題の最後に、完了コードが表示されます。	https://kana-task.web.app/transfer_test.html?prod=1&wid=cq3azg	最後に表示された完了コードを選んでください	完了コード1文字目	0@1@2@3@4@5@6@7@8@9	完了コード2文字目	0@1@2@3@4@5@6@7@8@9	完了コード3文字目	0@1@2@3@4@5@6@7@8@9	
rzrpzu	0				ページを開き、課題を完了させてください。	課題の最後に、完了コードが表示されます。	https://kana-task.web.app/transfer_test.html?prod=1&wid=rzrpzu	最後に表示された完了コードを選んでください	完了コード1文字目	0@1@2@3@4@5@6@7@8@9	完了コード2文字目	0@1@2@3@4@5@6@7@8@9	完了コード3文字目	0@1@2@3@4@5@6@7@8@9	
uyswpr	0				ページを開き、課題を完了させてください。	課題の最後に、完了コードが表示されます。	https://kana-task.web.app/transfer_test.html?prod=1&wid=uyswpr	最後に表示された完了コードを選んでください	完了コード1文字目	0@1@2@3@4@5@6@7@8@9	完了コード2文字目	0@1@2@3@4@5@6@7@8@9	完了コード3文字目	0@1@2@3@4@5@6@7@8@9	
7ce4d3	0				ページを開き、課題を完了させてください。	課題の最後に、完了コードが表示されます。	https://kana-task.web.app/transfer_test.html?prod=1&wid=7ce4d3	最後に表示された完了コードを選んでください	完了コード1文字目	0@1@2@3@4@5@6@7@8@9	完了コード2文字目	0@1@2@3@4@5@6@7@8@9	完了コード3文字目	0@1@2@3@4@5@6@7@8@9	
2b6gwy	0				ページを開き、課題を完了させてください。	課題の最後に、完了コードが表示されます。	https://kana-task.web.app/transfer_test.html?prod=1&wid=2b6gwy	最後に表示された完了コードを選んでください	完了コード1文字目	0@1@2@3@4@5@6@7@8@9	完了コード2文字目	0@1@2@3@4@5@6@7@8@9	完了コード3文字目	0@1@2@3@4@5@6@7@8@9	
tsjbbc	0				ページを開き、課題を完了させてください。	課題の最後に、完了コードが表示されます。	https://kana-task.web.app/transfer_test.html?prod=1&wid=tsjbbc	最後に表示された完了コードを選んでください	完了コード1文字目	0@1@2@3@4@5@6@7@8@9	完了コード2文字目	0@1@2@3@4@5@6@7@8@9	完了コード3文字目	0@1@2@3@4@5@6@7@8@9	
v9bu27	0				ページを開き、課題を完了させてください。	課題の最後に、完了コードが表示されます。	https://kana-task.web.app/transfer_test.html?prod=1&wid=v9bu27	最後に表示された完了コードを選んでください	完了コード1文字目	0@1@2@3@4@5@6@7@8@9	完了コード2文字目	0@1@2@3@4@5@6@7@8@9	完了コード3文字目	0@1@2@3@4@5@6@7@8@9	
r92pus	0				ページを開き、課題を完了させてください。	課題の最後に、完了コードが表示されます。	https://kana-task.web.app/transfer_test.html?prod=1&wid=r92pus	最後に表示された完了コードを選んでください	完了コード1文字目	0@1@2@3@4@5@6@7@8@9	完了コード2文字目	0@1@2@3@4@5@6@7@8@9	完了コード3文字目	0@1@2@3@4@5@6@7@8@9	
quxuaj	0				ページを開き、課題を完了させてください。	課題の最後に、完了コードが表示されます。	https://kana-task.web.app/transfer_test.html?prod=1&wid=quxuaj	最後に表示された完了コードを選んでください	完了コード1文字目	0@1@2@3@4@5@6@7@8@9	完了コード2文字目	0@1@2@3@4@5@6@7@8@9	完了コード3文字目	0@1@2@3@4@5@6@7@8@9	
bwuz8g	0				ページを開き、課題を完了させてください。	課題の最後に、完了コードが表示されます。	https://kana-task.web.app/transfer_test.html?prod=1&wid=bwuz8g	最後に表示された完了コードを選んでください	完了コード1文字目	0@1@2@3@4@5@6@7@8@9	完了コード2文字目	0@1@2@3@4@5@6@7@8@9	完了コード3文字目	0@1@2@3@4@5@6@7@8@9	
c7x99c	0				ページを開き、課題を完了させてください。	課題の最後に、完了コードが表示されます。	https://kana-task.web.app/transfer_test.html?prod=1&wid=c7x99c	最後に表示された完了コードを選んでください	完了コード1文字目	0@1@2@3@4@5@6@7@8@9	完了コード2文字目	0@1@2@3@4@5@6@7@8@9	完了コード3文字目	0@1@2@3@4@5@6@7@8@9	
7t32vu	0				ページを開き、課題を完了させてください。	課題の最後に、完了コードが表示されます。	https://kana-task.web.app/transfer_test.html?prod=1&wid=7t32vu	最後に表示された完了コードを選んでください	完了コード1文字目	0@1@2@3@4@5@6@7@8@9	完了コード2文字目	0@1@2@3@4@5@6@7@8@9	完了コード3文字目	0@1@2@3@4@5@6@7@8@9	
hjynww	0				ページを開き、課題を完了させてください。	課題の最後に、完了コードが表示されます。	https://kana-task.web.app/transfer_test.html?prod=1&wid=hjynww	最後に表示された完了コードを選んでください	完了コード1文字目	0@1@2@3@4@5@6@7@8@9	完了コード2文字目	0@1@2@3@4@5@6@7@8@9	完了コード3文字目	0@1@2@3@4@5@6@7@8@9	
hkafaw	0				ページを開き、課題を完了させてください。	課題の最後に、完了コードが表示されます。	https://kana-task.web.app/transfer_test.html?prod=1&wid=hkafaw	最後に表示された完了コードを選んでください	完了コード1文字目	0@1@2@3@4@5@6@7@8@9	完了コード2文字目	0@1@2@3@4@5@6@7@8@9	完了コード3文字目	0@1@2@3@4@5@6@7@8@9	
637spw	0				ページを開き、課題を完了させてください。	課題の最後に、完了コードが表示されます。	https://kana-task.web.app/transfer_test.html?prod=1&wid=637spw	最後に表示された完了コードを選んでください	完了コード1文字目	0@1@2@3@4@5@6@7@8@9	完了コード2文字目	0@1@2@3@4@5@6@7@8@9	完了コード3文字目	0@1@2@3@4@5@6@7@8@9	
jamz7s	0				ページを開き、課題を完了させてください。	課題の最後に、完了コードが表示されます。	https://kana-task.web.app/transfer_test.html?prod=1&wid=jamz7s	最後に表示された完了コードを選んでください	完了コード1文字目	0@1@2@3@4@5@6@7@8@9	完了コード2文字目	0@1@2@3@4@5@6@7@8@9	完了コード3文字目	0@1@2@3@4@5@6@7@8@9	
wnf695	0				ページを開き、課題を完了させてください。	課題の最後に、完了コードが表示されます。	https://kana-task.web.app/transfer_test.html?prod=1&wid=wnf695	最後に表示された完了コードを選んでください	完了コード1文字目	0@1@2@3@4@5@6@7@8@9	完了コード2文字目	0@1@2@3@4@5@6@7@8@9	完了コード3文字目	0@1@2@3@4@5@6@7@8@9	
nkpkw6	0				ページを開き、課題を完了させてください。	課題の最後に、完了コードが表示されます。	https://kana-task.web.app/transfer_test.html?prod=1&wid=nkpkw6	最後に表示された完了コードを選んでください	完了コード1文字目	0@1@2@3@4@5@6@7@8@9	完了コード2文字目	0@1@2@3@4@5@6@7@8@9	完了コード3文字目	0@1@2@3@4@5@6@7@8@9	
ezbn2h	0				ページを開き、課題を完了させてください。	課題の最後に、完了コードが表示されます。	https://kana-task.web.app/transfer_test.html?prod=1&wid=ezbn2h	最後に表示された完了コードを選んでください	完了コード1文字目	0@1@2@3@4@5@6@7@8@9	完了コード2文字目	0@1@2@3@4@5@6@7@8@9	完了コード3文字目	0@1@2@3@4@5@6@7@8@9	
rf3kug	0				ページを開き、課題を完了させてください。	課題の最後に、完了コードが表示されます。	https://kana-task.web.app/transfer_test.html?prod=1&wid=rf3kug	最後に表示された完了コードを選んでください	完了コード1文字目	0@1@2@3@4@5@6@7@8@9	完了コード2文字目	0@1@2@3@4@5@6@7@8@9	完了コード3文字目	0@1@2@3@4@5@6@7@8@9	
zxjjjq	0				ページを開き、課題を完了させてください。	課題の最後に、完了コードが表示されます。	https://kana-task.web.app/transfer_test.html?prod=1&wid=zxjjjq	最後に表示された完了コードを選んでください	完了コード1文字目	0@1@2@3@4@5@6@7@8@9	完了コード2文字目	0@1@2@3@4@5@6@7@8@9	完了コード3文字目	0@1@2@3@4@5@6@7@8@9	
bsr6cu	0				ページを開き、課題を完了させてください。	課題の最後に、完了コードが表示されます。	https://kana-task.web.app/transfer_test.html?prod=1&wid=bsr6cu	最後に表示された完了コードを選んでください	完了コード1文字目	0@1@2@3@4@5@6@7@8@9	完了コード2文字目	0@1@2@3@4@5@6@7@8@9	完了コード3文字目	0@1@2@3@4@5@6@7@8@9	
z3gqmt	0				ページを開き、課題を完了させてください。	課題の最後に、完了コードが表示されます。	https://kana-task.web.app/transfer_test.html?prod=1&wid=z3gqmt	最後に表示された完了コードを選んでください	完了コード1文字目	0@1@2@3@4@5@6@7@8@9	完了コード2文字目	0@1@2@3@4@5@6@7@8@9	完了コード3文字目	0@1@2@3@4@5@6@7@8@9	
gukg3q	0				ページを開き、課題を完了させてください。	課題の最後に、完了コードが表示されます。	https://kana-task.web.app/transfer_test.html?prod=1&wid=gukg3q	最後に表示された完了コードを選んでください	完了コード1文字目	0@1@2@3@4@5@6@7@8@9	完了コード2文字目	0@1@2@3@4@5@6@7@8@9	完了コード3文字目	0@1@2@3@4@5@6@7@8@9	
87xyff	0				ページを開き、課題を完了させてください。	課題の最後に、完了コードが表示されます。	https://kana-task.web.app/transfer_test.html?prod=1&wid=87xyff	最後に表示された完了コードを選んでください	完了コード1文字目	0@1@2@3@4@5@6@7@8@9	完了コード2文字目	0@1@2@3@4@5@6@7@8@9	完了コード3文字目	0@1@2@3@4@5@6@7@8@9	
gztvws	0				ページを開き、課題を完了させてください。	課題の最後に、完了コードが表示されます。	https://kana-task.web.app/transfer_test.html?prod=1&wid=gztvws	最後に表示された完了コードを選んでください	完了コード1文字目	0@1@2@3@4@5@6@7@8@9	完了コード2文字目	0@1@2@3@4@5@6@7@8@9	完了コード3文字目	0@1@2@3@4@5@6@7@8@9	
v5g66q	0				ページを開き、課題を完了させてください。	課題の最後に、完了コードが表示されます。	https://kana-task.web.app/transfer_test.html?prod=1&wid=v5g66q	最後に表示された完了コードを選んでください	完了コード1文字目	0@1@2@3@4@5@6@7@8@9	完了コード2文字目	0@1@2@3@4@5@6@7@8@9	完了コード3文字目	0@1@2@3@4@5@6@7@8@9	
6ygq7x	0				ページを開き、課題を完了させてください。	課題の最後に、完了コードが表示されます。	https://kana-task.web.app/transfer_test.html?prod=1&wid=6ygq7x	最後に表示された完了コードを選んでください	完了コード1文字目	0@1@2@3@4@5@6@7@8@9	完了コード2文字目	0@1@2@3@4@5@6@7@8@9	完了コード3文字目	0@1@2@3@4@5@6@7@8@9	
us2hrb	0				ページを開き、課題を完了させてください。	課題の最後に、完了コードが表示されます。	https://kana-task.web.app/transfer_test.html?prod=1&wid=us2hrb	最後に表示された完了コードを選んでください	完了コード1文字目	0@1@2@3@4@5@6@7@8@9	完了コード2文字目	0@1@2@3@4@5@6@7@8@9	完了コード3文字目	0@1@2@3@4@5@6@7@8@9	
agh87d	0				ページを開き、課題を完了させてください。	課題の最後に、完了コードが表示されます。	https://kana-task.web.app/transfer_test.html?prod=1&wid=agh87d	最後に表示された完了コードを選んでください	完了コード1文字目	0@1@2@3@4@5@6@7@8@9	完了コード2文字目	0@1@2@3@4@5@6@7@8@9	完了コード3文字目	0@1@2@3@4@5@6@7@8@9	
q5rder	0				ページを開き、課題を完了させてください。	課題の最後に、完了コードが表示されます。	https://kana-task.web.app/transfer_test.html?prod=1&wid=q5rder	最後に表示された完了コードを選んでください	完了コード1文字目	0@1@2@3@4@5@6@7@8@9	完了コード2文字目	0@1@2@3@4@5@6@7@8@9	完了コード3文字目	0@1@2@3@4@5@6@7@8@9	
u36tsb	0				ページを開き、課題を完了させてください。	課題の最後に、完了コードが表示されます。	https://kana-task.web.app/transfer_test.html?prod=1&wid=u36tsb	最後に表示された完了コードを選んでください	完了コード1文字目	0@1@2@3@4@5@6@7@8@9	完了コード2文字目	0@1@2@3@4@5@6@7@8@9	完了コード3文字目	0@1@2@3@4@5@6@7@8@9	
vfq8c2	0				ページを開き、課題を完了させてください。	課題の最後に、完了コードが表示されます。	https://kana-task.web.app/transfer_test.html?prod=1&wid=vfq8c2	最後に表示された完了コードを選んでください	完了コード1文字目	0@1@2@3@4@5@6@7@8@9	完了コード2文字目	0@1@2@3@4@5@6@7@8@9	完了コード3文字目	0@1@2@3@4@5@6@7@8@9	
zymxh5	0				ページを開き、課題を完了させてください。	課題の最後に、完了コードが表示されます。	https://kana-task.web.app/transfer_test.html?prod=1&wid=zymxh5	最後に表示された完了コードを選んでください	完了コード1文字目	0@1@2@3@4@5@6@7@8@9	完了コード2文字目	0@1@2@3@4@5@6@7@8@9	完了コード3文字目	0@1@2@3@4@5@6@7@8@9	
z8ency	0				ページを開き、課題を完了させてください。	課題の最後に、完了コードが表示されます。	https://kana-task.web.app/transfer_test.html?prod=1&wid=z8ency	最後に表示された完了コードを選んでください	完了コード1文字目	0@1@2@3@4@5@6@7@8@9	完了コード2文字目	0@1@2@3@4@5@6@7@8@9	完了コード3文字目	0@1@2@3@4@5@6@7@8@9	
9brbw6	0				ページを開き、課題を完了させてください。	課題の最後に、完了コードが表示されます。	https://kana-task.web.app/transfer_test.html?prod=1&wid=9brbw6	最後に表示された完了コードを選んでください	完了コード1文字目	0@1@2@3@4@5@6@7@8@9	完了コード2文字目	0@1@2@3@4@5@6@7@8@9	完了コード3文字目	0@1@2@3@4@5@6@7@8@9	
c7y6pv	0				ページを開き、課題を完了させてください。	課題の最後に、完了コードが表示されます。	https://kana-task.web.app/transfer_test.html?prod=1&wid=c7y6pv	最後に表示された完了コードを選んでください	完了コード1文字目	0@1@2@3@4@5@6@7@8@9	完了コード2文字目	0@1@2@3@4@5@6@7@8@9	完了コード3文字目	0@1@2@3@4@5@6@7@8@9	
zthd9y	0				ページを開き、課題を完了させてください。	課題の最後に、完了コードが表示されます。	https://kana-task.web.app/transfer_test.html?prod=1&wid=zthd9y	最後に表示された完了コードを選んでください	完了コード1文字目	0@1@2@3@4@5@6@7@8@9	完了コード2文字目	0@1@2@3@4@5@6@7@8@9	完了コード3文字目	0@1@2@3@4@5@6@7@8@9	
mz2n5k	0				ページを開き、課題を完了させてください。	課題の最後に、完了コードが表示されます。	https://kana-task.web.app/transfer_test.html?prod=1&wid=mz2n5k	最後に表示された完了コードを選んでください	完了コード1文字目	0@1@2@3@4@5@6@7@8@9	完了コード2文字目	0@1@2@3@4@5@6@7@8@9	完了コード3文字目	0@1@2@3@4@5@6@7@8@9	
t6ma5p	0				ページを開き、課題を完了させてください。	課題の最後に、完了コードが表示されます。	https://kana-task.web.app/transfer_test.html?prod=1&wid=t6ma5p	最後に表示された完了コードを選んでください	完了コード1文字目	0@1@2@3@4@5@6@7@8@9	完了コード2文字目	0@1@2@3@4@5@6@7@8@9	完了コード3文字目	0@1@2@3@4@5@6@7@8@9	
rfquzb	0				ページを開き、課題を完了させてください。	課題の最後に、完了コードが表示されます。	https://kana-task.web.app/transfer_test.html?prod=1&wid=rfquzb	最後に表示された完了コードを選んでください	完了コード1文字目	0@1@2@3@4@5@6@7@8@9	完了コード2文字目	0@1@2@3@4@5@6@7@8@9	完了コード3文字目	0@1@2@3@4@5@6@7@8@9	
ebvcdt	0				ページを開き、課題を完了させてください。	課題の最後に、完了コードが表示されます。	https://kana-task.web.app/transfer_test.html?prod=1&wid=ebvcdt	最後に表示された完了コードを選んでください	完了コード1文字目	0@1@2@3@4@5@6@7@8@9	完了コード2文字目	0@1@2@3@4@5@6@7@8@9	完了コード3文字目	0@1@2@3@4@5@6@7@8@9	
3ywwdm	0				ページを開き、課題を完了させてください。	課題の最後に、完了コードが表示されます。	https://kana-task.web.app/transfer_test.html?prod=1&wid=3ywwdm	最後に表示された完了コードを選んでください	完了コード1文字目	0@1@2@3@4@5@6@7@8@9	完了コード2文字目	0@1@2@3@4@5@6@7@8@9	完了コード3文字目	0@1@2@3@4@5@6@7@8@9	
agkvhp	0				ページを開き、課題を完了させてください。	課題の最後に、完了コードが表示されます。	https://kana-task.web.app/transfer_test.html?prod=1&wid=agkvhp	最後に表示された完了コードを選んでください	完了コード1文字目	0@1@2@3@4@5@6@7@8@9	完了コード2文字目	0@1@2@3@4@5@6@7@8@9	完了コード3文字目	0@1@2@3@4@5@6@7@8@9	
sptyw6	0				ページを開き、課題を完了させてください。	課題の最後に、完了コードが表示されます。	https://kana-task.web.app/transfer_test.html?prod=1&wid=sptyw6	最後に表示された完了コードを選んでください	完了コード1文字目	0@1@2@3@4@5@6@7@8@9	完了コード2文字目	0@1@2@3@4@5@6@7@8@9	完了コード3文字目	0@1@2@3@4@5@6@7@8@9	
y775mh	0				ページを開き、課題を完了させてください。	課題の最後に、完了コードが表示されます。	https://kana-task.web.app/transfer_test.html?prod=1&wid=y775mh	最後に表示された完了コードを選んでください	完了コード1文字目	0@1@2@3@4@5@6@7@8@9	完了コード2文字目	0@1@2@3@4@5@6@7@8@9	完了コード3文字目	0@1@2@3@4@5@6@7@8@9	
xee25z	0				ページを開き、課題を完了させてください。	課題の最後に、完了コードが表示されます。	https://kana-task.web.app/transfer_test.html?prod=1&wid=xee25z	最後に表示された完了コードを選んでください	完了コード1文字目	0@1@2@3@4@5@6@7@8@9	完了コード2文字目	0@1@2@3@4@5@6@7@8@9	完了コード3文字目	0@1@2@3@4@5@6@7@8@9	
yc6zzx	0				ページを開き、課題を完了させてください。	課題の最後に、完了コードが表示されます。	https://kana-task.web.app/transfer_test.html?prod=1&wid=yc6zzx	最後に表示された完了コードを選んでください	完了コード1文字目	0@1@2@3@4@5@6@7@8@9	完了コード2文字目	0@1@2@3@4@5@6@7@8@9	完了コード3文字目	0@1@2@3@4@5@6@7@8@9	
qsru8x	0				ページを開き、課題を完了させてください。	課題の最後に、完了コードが表示されます。	https://kana-task.web.app/transfer_test.html?prod=1&wid=qsru8x	最後に表示された完了コードを選んでください	完了コード1文字目	0@1@2@3@4@5@6@7@8@9	完了コード2文字目	0@1@2@3@4@5@6@7@8@9	完了コード3文字目	0@1@2@3@4@5@6@7@8@9	
dhn8fw	0				ページを開き、課題を完了させてください。	課題の最後に、完了コードが表示されます。	https://kana-task.web.app/transfer_test.html?prod=1&wid=dhn8fw	最後に表示された完了コードを選んでください	完了コード1文字目	0@1@2@3@4@5@6@7@8@9	完了コード2文字目	0@1@2@3@4@5@6@7@8@9	完了コード3文字目	0@1@2@3@4@5@6@7@8@9	
qkn2j5	0				ページを開き、課題を完了させてください。	課題の最後に、完了コードが表示されます。	https://kana-task.web.app/transfer_test.html?prod=1&wid=qkn2j5	最後に表示された完了コードを選んでください	完了コード1文字目	0@1@2@3@4@5@6@7@8@9	完了コード2文字目	0@1@2@3@4@5@6@7@8@9	完了コード3文字目	0@1@2@3@4@5@6@7@8@9	
ja2nnh	0				ページを開き、課題を完了させてください。	課題の最後に、完了コードが表示されます。	https://kana-task.web.app/transfer_test.html?prod=1&wid=ja2nnh	最後に表示された完了コードを選んでください	完了コード1文字目	0@1@2@3@4@5@6@7@8@9	完了コード2文字目	0@1@2@3@4@5@6@7@8@9	完了コード3文字目	0@1@2@3@4@5@6@7@8@9	
5mc6t8	0				ページを開き、課題を完了させてください。	課題の最後に、完了コードが表示されます。	https://kana-task.web.app/transfer_test.html?prod=1&wid=5mc6t8	最後に表示された完了コードを選んでください	完了コード1文字目	0@1@2@3@4@5@6@7@8@9	完了コード2文字目	0@1@2@3@4@5@6@7@8@9	完了コード3文字目	0@1@2@3@4@5@6@7@8@9	
c32bq2	0				ページを開き、課題を完了させてください。	課題の最後に、完了コードが表示されます。	https://kana-task.web.app/transfer_test.html?prod=1&wid=c32bq2	最後に表示された完了コードを選んでください	完了コード1文字目	0@1@2@3@4@5@6@7@8@9	完了コード2文字目	0@1@2@3@4@5@6@7@8@9	完了コード3文字目	0@1@2@3@4@5@6@7@8@9	
xc46b2	0				ページを開き、課題を完了させてください。	課題の最後に、完了コードが表示されます。	https://kana-task.web.app/transfer_test.html?prod=1&wid=xc46b2	最後に表示された完了コードを選んでください	完了コード1文字目	0@1@2@3@4@5@6@7@8@9	完了コード2文字目	0@1@2@3@4@5@6@7@8@9	完了コード3文字目	0@1@2@3@4@5@6@7@8@9	
jsun4k	0				ページを開き、課題を完了させてください。	課題の最後に、完了コードが表示されます。	https://kana-task.web.app/transfer_test.html?prod=1&wid=jsun4k	最後に表示された完了コードを選んでください	完了コード1文字目	0@1@2@3@4@5@6@7@8@9	完了コード2文字目	0@1@2@3@4@5@6@7@8@9	完了コード3文字目	0@1@2@3@4@5@6@7@8@9	
6c5u4y	0				ページを開き、課題を完了させてください。	課題の最後に、完了コードが表示されます。	https://kana-task.web.app/transfer_test.html?prod=1&wid=6c5u4y	最後に表示された完了コードを選んでください	完了コード1文字目	0@1@2@3@4@5@6@7@8@9	完了コード2文字目	0@1@2@3@4@5@6@7@8@9	完了コード3文字目	0@1@2@3@4@5@6@7@8@9	
rxfkka	0				ページを開き、課題を完了させてください。	課題の最後に、完了コードが表示されます。	https://kana-task.web.app/transfer_test.html?prod=1&wid=rxfkka	最後に表示された完了コードを選んでください	完了コード1文字目	0@1@2@3@4@5@6@7@8@9	完了コード2文字目	0@1@2@3@4@5@6@7@8@9	完了コード3文字目	0@1@2@3@4@5@6@7@8@9	
82uwb3	0				ページを開き、課題を完了させてください。	課題の最後に、完了コードが表示されます。	https://kana-task.web.app/transfer_test.html?prod=1&wid=82uwb3	最後に表示された完了コードを選んでください	完了コード1文字目	0@1@2@3@4@5@6@7@8@9	完了コード2文字目	0@1@2@3@4@5@6@7@8@9	完了コード3文字目	0@1@2@3@4@5@6@7@8@9	
vrsvb9	0				ページを開き、課題を完了させてください。	課題の最後に、完了コードが表示されます。	https://kana-task.web.app/transfer_test.html?prod=1&wid=vrsvb9	最後に表示された完了コードを選んでください	完了コード1文字目	0@1@2@3@4@5@6@7@8@9	完了コード2文字目	0@1@2@3@4@5@6@7@8@9	完了コード3文字目	0@1@2@3@4@5@6@7@8@9	
b8udck	0				ページを開き、課題を完了させてください。	課題の最後に、完了コードが表示されます。	https://kana-task.web.app/transfer_test.html?prod=1&wid=b8udck	最後に表示された完了コードを選んでください	完了コード1文字目	0@1@2@3@4@5@6@7@8@9	完了コード2文字目	0@1@2@3@4@5@6@7@8@9	完了コード3文字目	0@1@2@3@4@5@6@7@8@9	
p9k4kg	0				ページを開き、課題を完了させてください。	課題の最後に、完了コードが表示されます。	https://kana-task.web.app/transfer_test.html?prod=1&wid=p9k4kg	最後に表示された完了コードを選んでください	完了コード1文字目	0@1@2@3@4@5@6@7@8@9	完了コード2文字目	0@1@2@3@4@5@6@7@8@9	完了コード3文字目	0@1@2@3@4@5@6@7@8@9	
v7vedq	0				ページを開き、課題を完了させてください。	課題の最後に、完了コードが表示されます。	https://kana-task.web.app/transfer_test.html?prod=1&wid=v7vedq	最後に表示された完了コードを選んでください	完了コード1文字目	0@1@2@3@4@5@6@7@8@9	完了コード2文字目	0@1@2@3@4@5@6@7@8@9	完了コード3文字目	0@1@2@3@4@5@6@7@8@9	
7xdrh2	0				ページを開き、課題を完了させてください。	課題の最後に、完了コードが表示されます。	https://kana-task.web.app/transfer_test.html?prod=1&wid=7xdrh2	最後に表示された完了コードを選んでください	完了コード1文字目	0@1@2@3@4@5@6@7@8@9	完了コード2文字目	0@1@2@3@4@5@6@7@8@9	完了コード3文字目	0@1@2@3@4@5@6@7@8@9	
pje3qq	0				ページを開き、課題を完了させてください。	課題の最後に、完了コードが表示されます。	https://kana-task.web.app/transfer_test.html?prod=1&wid=pje3qq	最後に表示された完了コードを選んでください	完了コード1文字目	0@1@2@3@4@5@6@7@8@9	完了コード2文字目	0@1@2@3@4@5@6@7@8@9	完了コード3文字目	0@1@2@3@4@5@6@7@8@9	
7xqc5w	0				ページを開き、課題を完了させてください。	課題の最後に、完了コードが表示されます。	https://kana-task.web.app/transfer_test.html?prod=1&wid=7xqc5w	最後に表示された完了コードを選んでください	完了コード1文字目	0@1@2@3@4@5@6@7@8@9	完了コード2文字目	0@1@2@3@4@5@6@7@8@9	完了コード3文字目	0@1@2@3@4@5@6@7@8@9	
2n963h	0				ページを開き、課題を完了させてください。	課題の最後に、完了コードが表示されます。	https://kana-task.web.app/transfer_test.html?prod=1&wid=2n963h	最後に表示された完了コードを選んでください	完了コード1文字目	0@1@2@3@4@5@6@7@8@9	完了コード2文字目	0@1@2@3@4@5@6@7@8@9	完了コード3文字目	0@1@2@3@4@5@6@7@8@9	
j2yp7x	0				ページを開き、課題を完了させてください。	課題の最後に、完了コードが表示されます。	https://kana-task.web.app/transfer_test.html?prod=1&wid=j2yp7x	最後に表示された完了コードを選んでください	完了コード1文字目	0@1@2@3@4@5@6@7@8@9	完了コード2文字目	0@1@2@3@4@5@6@7@8@9	完了コード3文字目	0@1@2@3@4@5@6@7@8@9	
s3w3t6	0				ページを開き、課題を完了させてください。	課題の最後に、完了コードが表示されます。	https://kana-task.web.app/transfer_test.html?prod=1&wid=s3w3t6	最後に表示された完了コードを選んでください	完了コード1文字目	0@1@2@3@4@5@6@7@8@9	完了コード2文字目	0@1@2@3@4@5@6@7@8@9	完了コード3文字目	0@1@2@3@4@5@6@7@8@9	
axg5qr	0				ページを開き、課題を完了させてください。	課題の最後に、完了コードが表示されます。	https://kana-task.web.app/transfer_test.html?prod=1&wid=axg5qr	最後に表示された完了コードを選んでください	完了コード1文字目	0@1@2@3@4@5@6@7@8@9	完了コード2文字目	0@1@2@3@4@5@6@7@8@9	完了コード3文字目	0@1@2@3@4@5@6@7@8@9	
qzfyau	0				ページを開き、課題を完了させてください。	課題の最後に、完了コードが表示されます。	https://kana-task.web.app/transfer_test.html?prod=1&wid=qzfyau	最後に表示された完了コードを選んでください	完了コード1文字目	0@1@2@3@4@5@6@7@8@9	完了コード2文字目	0@1@2@3@4@5@6@7@8@9	完了コード3文字目	0@1@2@3@4@5@6@7@8@9	
ama6m2	0				ページを開き、課題を完了させてください。	課題の最後に、完了コードが表示されます。	https://kana-task.web.app/transfer_test.html?prod=1&wid=ama6m2	最後に表示された完了コードを選んでください	完了コード1文字目	0@1@2@3@4@5@6@7@8@9	完了コード2文字目	0@1@2@3@4@5@6@7@8@9	完了コード3文字目	0@1@2@3@4@5@6@7@8@9	
wngdd2	0				ページを開き、課題を完了させてください。	課題の最後に、完了コードが表示されます。	https://kana-task.web.app/transfer_test.html?prod=1&wid=wngdd2	最後に表示された完了コードを選んでください	完了コード1文字目	0@1@2@3@4@5@6@7@8@9	完了コード2文字目	0@1@2@3@4@5@6@7@8@9	完了コード3文字目	0@1@2@3@4@5@6@7@8@9	
r7yghz	0				ページを開き、課題を完了させてください。	課題の最後に、完了コードが表示されます。	https://kana-task.web.app/transfer_test.html?prod=1&wid=r7yghz	最後に表示された完了コードを選んでください	完了コード1文字目	0@1@2@3@4@5@6@7@8@9	完了コード2文字目	0@1@2@3@4@5@6@7@8@9	完了コード3文字目	0@1@2@3@4@5@6@7@8@9	
g4y4vj	0				ページを開き、課題を完了させてください。	課題の最後に、完了コードが表示されます。	https://kana-task.web.app/transfer_test.html?prod=1&wid=g4y4vj	最後に表示された完了コードを選んでください	完了コード1文字目	0@1@2@3@4@5@6@7@8@9	完了コード2文字目	0@1@2@3@4@5@6@7@8@9	完了コード3文字目	0@1@2@3@4@5@6@7@8@9	
mnpb3k	0				ページを開き、課題を完了させてください。	課題の最後に、完了コードが表示されます。	https://kana-task.web.app/transfer_test.html?prod=1&wid=mnpb3k	最後に表示された完了コードを選んでください	完了コード1文字目	0@1@2@3@4@5@6@7@8@9	完了コード2文字目	0@1@2@3@4@5@6@7@8@9	完了コード3文字目	0@1@2@3@4@5@6@7@8@9	
ptcrpj	0				ページを開き、課題を完了させてください。	課題の最後に、完了コードが表示されます。	https://kana-task.web.app/transfer_test.html?prod=1&wid=ptcrpj	最後に表示された完了コードを選んでください	完了コード1文字目	0@1@2@3@4@5@6@7@8@9	完了コード2文字目	0@1@2@3@4@5@6@7@8@9	完了コード3文字目	0@1@2@3@4@5@6@7@8@9	
ad8dnu	0				ページを開き、課題を完了させてください。	課題の最後に、完了コードが表示されます。	https://kana-task.web.app/transfer_test.html?prod=1&wid=ad8dnu	最後に表示された完了コードを選んでください	完了コード1文字目	0@1@2@3@4@5@6@7@8@9	完了コード2文字目	0@1@2@3@4@5@6@7@8@9	完了コード3文字目	0@1@2@3@4@5@6@7@8@9	
ymfxr3	0				ページを開き、課題を完了させてください。	課題の最後に、完了コードが表示されます。	https://kana-task.web.app/transfer_test.html?prod=1&wid=ymfxr3	最後に表示された完了コードを選んでください	完了コード1文字目	0@1@2@3@4@5@6@7@8@9	完了コード2文字目	0@1@2@3@4@5@6@7@8@9	完了コード3文字目	0@1@2@3@4@5@6@7@8@9	
784nty	0				ページを開き、課題を完了させてください。	課題の最後に、完了コードが表示されます。	https://kana-task.web.app/transfer_test.html?prod=1&wid=784nty	最後に表示された完了コードを選んでください	完了コード1文字目	0@1@2@3@4@5@6@7@8@9	完了コード2文字目	0@1@2@3@4@5@6@7@8@9	完了コード3文字目	0@1@2@3@4@5@6@7@8@9	
qhx6c5	0				ページを開き、課題を完了させてください。	課題の最後に、完了コードが表示されます。	https://kana-task.web.app/transfer_test.html?prod=1&wid=qhx6c5	最後に表示された完了コードを選んでください	完了コード1文字目	0@1@2@3@4@5@6@7@8@9	完了コード2文字目	0@1@2@3@4@5@6@7@8@9	完了コード3文字目	0@1@2@3@4@5@6@7@8@9	
bxu2vu	0				ページを開き、課題を完了させてください。	課題の最後に、完了コードが表示されます。	https://kana-task.web.app/transfer_test.html?prod=1&wid=bxu2vu	最後に表示された完了コードを選んでください	完了コード1文字目	0@1@2@3@4@5@6@7@8@9	完了コード2文字目	0@1@2@3@4@5@6@7@8@9	完了コード3文字目	0@1@2@3@4@5@6@7@8@9	
bvb85s	0				ページを開き、課題を完了させてください。	課題の最後に、完了コードが表示されます。	https://kana-task.web.app/transfer_test.html?prod=1&wid=bvb85s	最後に表示された完了コードを選んでください	完了コード1文字目	0@1@2@3@4@5@6@7@8@9	完了コード2文字目	0@1@2@3@4@5@6@7@8@9	完了コード3文字目	0@1@2@3@4@5@6@7@8@9	
d2y88h	0				ページを開き、課題を完了させてください。	課題の最後に、完了コードが表示されます。	https://kana-task.web.app/transfer_test.html?prod=1&wid=d2y88h	最後に表示された完了コードを選んでください	完了コード1文字目	0@1@2@3@4@5@6@7@8@9	完了コード2文字目	0@1@2@3@4@5@6@7@8@9	完了コード3文字目	0@1@2@3@4@5@6@7@8@9	
z4jp67	0				ページを開き、課題を完了させてください。	課題の最後に、完了コードが表示されます。	https://kana-task.web.app/transfer_test.html?prod=1&wid=z4jp67	最後に表示された完了コードを選んでください	完了コード1文字目	0@1@2@3@4@5@6@7@8@9	完了コード2文字目	0@1@2@3@4@5@6@7@8@9	完了コード3文字目	0@1@2@3@4@5@6@7@8@9	
vr3k6e	0				ページを開き、課題を完了させてください。	課題の最後に、完了コードが表示されます。	https://kana-task.web.app/transfer_test.html?prod=1&wid=vr3k6e	最後に表示された完了コードを選んでください	完了コード1文字目	0@1@2@3@4@5@6@7@8@9	完了コード2文字目	0@1@2@3@4@5@6@7@8@9	完了コード3文字目	0@1@2@3@4@5@6@7@8@9	
gefnxz	0				ページを開き、課題を完了させてください。	課題の最後に、完了コードが表示されます。	https://kana-task.web.app/transfer_test.html?prod=1&wid=gefnxz	最後に表示された完了コードを選んでください	完了コード1文字目	0@1@2@3@4@5@6@7@8@9	完了コード2文字目	0@1@2@3@4@5@6@7@8@9	完了コード3文字目	0@1@2@3@4@5@6@7@8@9	
z9nk2u	0				ページを開き、課題を完了させてください。	課題の最後に、完了コードが表示されます。	https://kana-task.web.app/transfer_test.html?prod=1&wid=z9nk2u	最後に表示された完了コードを選んでください	完了コード1文字目	0@1@2@3@4@5@6@7@8@9	完了コード2文字目	0@1@2@3@4@5@6@7@8@9	完了コード3文字目	0@1@2@3@4@5@6@7@8@9	
cbw5yz	0				ページを開き、課題を完了させてください。	課題の最後に、完了コードが表示されます。	https://kana-task.web.app/transfer_test.html?prod=1&wid=cbw5yz	最後に表示された完了コードを選んでください	完了コード1文字目	0@1@2@3@4@5@6@7@8@9	完了コード2文字目	0@1@2@3@4@5@6@7@8@9	完了コード3文字目	0@1@2@3@4@5@6@7@8@9	
4bcaz5	0				ページを開き、課題を完了させてください。	課題の最後に、完了コードが表示されます。	https://kana-task.web.app/transfer_test.html?prod=1&wid=4bcaz5	最後に表示された完了コードを選んでください	完了コード1文字目	0@1@2@3@4@5@6@7@8@9	完了コード2文字目	0@1@2@3@4@5@6@7@8@9	完了コード3文字目	0@1@2@3@4@5@6@7@8@9	
3h3ndf	0				ページを開き、課題を完了させてください。	課題の最後に、完了コードが表示されます。	https://kana-task.web.app/transfer_test.html?prod=1&wid=3h3ndf	最後に表示された完了コードを選んでください	完了コード1文字目	0@1@2@3@4@5@6@7@8@9	完了コード2文字目	0@1@2@3@4@5@6@7@8@9	完了コード3文字目	0@1@2@3@4@5@6@7@8@9	
48fp4t	0				ページを開き、課題を完了させてください。	課題の最後に、完了コードが表示されます。	https://kana-task.web.app/transfer_test.html?prod=1&wid=48fp4t	最後に表示された完了コードを選んでください	完了コード1文字目	0@1@2@3@4@5@6@7@8@9	完了コード2文字目	0@1@2@3@4@5@6@7@8@9	完了コード3文字目	0@1@2@3@4@5@6@7@8@9	
ewdcer	0				ページを開き、課題を完了させてください。	課題の最後に、完了コードが表示されます。	https://kana-task.web.app/transfer_test.html?prod=1&wid=ewdcer	最後に表示された完了コードを選んでください	完了コード1文字目	0@1@2@3@4@5@6@7@8@9	完了コード2文字目	0@1@2@3@4@5@6@7@8@9	完了コード3文字目	0@1@2@3@4@5@6@7@8@9	
etm5v2	0				ページを開き、課題を完了させてください。	課題の最後に、完了コードが表示されます。	https://kana-task.web.app/transfer_test.html?prod=1&wid=etm5v2	最後に表示された完了コードを選んでください	完了コード1文字目	0@1@2@3@4@5@6@7@8@9	完了コード2文字目	0@1@2@3@4@5@6@7@8@9	完了コード3文字目	0@1@2@3@4@5@6@7@8@9	
32742z	0				ページを開き、課題を完了させてください。	課題の最後に、完了コードが表示されます。	https://kana-task.web.app/transfer_test.html?prod=1&wid=32742z	最後に表示された完了コードを選んでください	完了コード1文字目	0@1@2@3@4@5@6@7@8@9	完了コード2文字目	0@1@2@3@4@5@6@7@8@9	完了コード3文字目	0@1@2@3@4@5@6@7@8@9	
t8t859	0				ページを開き、課題を完了させてください。	課題の最後に、完了コードが表示されます。	https://kana-task.web.app/transfer_test.html?prod=1&wid=t8t859	最後に表示された完了コードを選んでください	完了コード1文字目	0@1@2@3@4@5@6@7@8@9	完了コード2文字目	0@1@2@3@4@5@6@7@8@9	完了コード3文字目	0@1@2@3@4@5@6@7@8@9	
jvu2tv	0				ページを開き、課題を完了させてください。	課題の最後に、完了コードが表示されます。	https://kana-task.web.app/transfer_test.html?prod=1&wid=jvu2tv	最後に表示された完了コードを選んでください	完了コード1文字目	0@1@2@3@4@5@6@7@8@9	完了コード2文字目	0@1@2@3@4@5@6@7@8@9	完了コード3文字目	0@1@2@3@4@5@6@7@8@9	
se8htw	0				ページを開き、課題を完了させてください。	課題の最後に、完了コードが表示されます。	https://kana-task.web.app/transfer_test.html?prod=1&wid=se8htw	最後に表示された完了コードを選んでください	完了コード1文字目	0@1@2@3@4@5@6@7@8@9	完了コード2文字目	0@1@2@3@4@5@6@7@8@9	完了コード3文字目	0@1@2@3@4@5@6@7@8@9	
vdr65x	0				ページを開き、課題を完了させてください。	課題の最後に、完了コードが表示されます。	https://kana-task.web.app/transfer_test.html?prod=1&wid=vdr65x	最後に表示された完了コードを選んでください	完了コード1文字目	0@1@2@3@4@5@6@7@8@9	完了コード2文字目	0@1@2@3@4@5@6@7@8@9	完了コード3文字目	0@1@2@3@4@5@6@7@8@9	
xxj94e	0				ページを開き、課題を完了させてください。	課題の最後に、完了コードが表示されます。	https://kana-task.web.app/transfer_test.html?prod=1&wid=xxj94e	最後に表示された完了コードを選んでください	完了コード1文字目	0@1@2@3@4@5@6@7@8@9	完了コード2文字目	0@1@2@3@4@5@6@7@8@9	完了コード3文字目	0@1@2@3@4@5@6@7@8@9	
9w7n4r	0				ページを開き、課題を完了させてください。	課題の最後に、完了コードが表示されます。	https://kana-task.web.app/transfer_test.html?prod=1&wid=9w7n4r	最後に表示された完了コードを選んでください	完了コード1文字目	0@1@2@3@4@5@6@7@8@9	完了コード2文字目	0@1@2@3@4@5@6@7@8@9	完了コード3文字目	0@1@2@3@4@5@6@7@8@9	
ug8pcx	0				ページを開き、課題を完了させてください。	課題の最後に、完了コードが表示されます。	https://kana-task.web.app/transfer_test.html?prod=1&wid=ug8pcx	最後に表示された完了コードを選んでください	完了コード1文字目	0@1@2@3@4@5@6@7@8@9	完了コード2文字目	0@1@2@3@4@5@6@7@8@9	完了コード3文字目	0@1@2@3@4@5@6@7@8@9	
4vuq64	0				ページを開き、課題を完了させてください。	課題の最後に、完了コードが表示されます。	https://kana-task.web.app/transfer_test.html?prod=1&wid=4vuq64	最後に表示された完了コードを選んでください	完了コード1文字目	0@1@2@3@4@5@6@7@8@9	完了コード2文字目	0@1@2@3@4@5@6@7@8@9	完了コード3文字目	0@1@2@3@4@5@6@7@8@9	
tc6dcg	0				ページを開き、課題を完了させてください。	課題の最後に、完了コードが表示されます。	https://kana-task.web.app/transfer_test.html?prod=1&wid=tc6dcg	最後に表示された完了コードを選んでください	完了コード1文字目	0@1@2@3@4@5@6@7@8@9	完了コード2文字目	0@1@2@3@4@5@6@7@8@9	完了コード3文字目	0@1@2@3@4@5@6@7@8@9	
catxwd	0				ページを開き、課題を完了させてください。	課題の最後に、完了コードが表示されます。	https://kana-task.web.app/transfer_test.html?prod=1&wid=catxwd	最後に表示された完了コードを選んでください	完了コード1文字目	0@1@2@3@4@5@6@7@8@9	完了コード2文字目	0@1@2@3@4@5@6@7@8@9	完了コード3文字目	0@1@2@3@4@5@6@7@8@9	
p8zrrf	0				ページを開き、課題を完了させてください。	課題の最後に、完了コードが表示されます。	https://kana-task.web.app/transfer_test.html?prod=1&wid=p8zrrf	最後に表示された完了コードを選んでください	完了コード1文字目	0@1@2@3@4@5@6@7@8@9	完了コード2文字目	0@1@2@3@4@5@6@7@8@9	完了コード3文字目	0@1@2@3@4@5@6@7@8@9	
8ba6ze	0				ページを開き、課題を完了させてください。	課題の最後に、完了コードが表示されます。	https://kana-task.web.app/transfer_test.html?prod=1&wid=8ba6ze	最後に表示された完了コードを選んでください	完了コード1文字目	0@1@2@3@4@5@6@7@8@9	完了コード2文字目	0@1@2@3@4@5@6@7@8@9	完了コード3文字目	0@1@2@3@4@5@6@7@8@9	
7wqbgd	0				ページを開き、課題を完了させてください。	課題の最後に、完了コードが表示されます。	https://kana-task.web.app/transfer_test.html?prod=1&wid=7wqbgd	最後に表示された完了コードを選んでください	完了コード1文字目	0@1@2@3@4@5@6@7@8@9	完了コード2文字目	0@1@2@3@4@5@6@7@8@9	完了コード3文字目	0@1@2@3@4@5@6@7@8@9	
f7chv5	0				ページを開き、課題を完了させてください。	課題の最後に、完了コードが表示されます。	https://kana-task.web.app/transfer_test.html?prod=1&wid=f7chv5	最後に表示された完了コードを選んでください	完了コード1文字目	0@1@2@3@4@5@6@7@8@9	完了コード2文字目	0@1@2@3@4@5@6@7@8@9	完了コード3文字目	0@1@2@3@4@5@6@7@8@9	
vs62d4	0				ページを開き、課題を完了させてください。	課題の最後に、完了コードが表示されます。	https://kana-task.web.app/transfer_test.html?prod=1&wid=vs62d4	最後に表示された完了コードを選んでください	完了コード1文字目	0@1@2@3@4@5@6@7@8@9	完了コード2文字目	0@1@2@3@4@5@6@7@8@9	完了コード3文字目	0@1@2@3@4@5@6@7@8@9	
2ra7zx	0				ページを開き、課題を完了させてください。	課題の最後に、完了コードが表示されます。	https://kana-task.web.app/transfer_test.html?prod=1&wid=2ra7zx	最後に表示された完了コードを選んでください	完了コード1文字目	0@1@2@3@4@5@6@7@8@9	完了コード2文字目	0@1@2@3@4@5@6@7@8@9	完了コード3文字目	0@1@2@3@4@5@6@7@8@9	
7new5n	0				ページを開き、課題を完了させてください。	課題の最後に、完了コードが表示されます。	https://kana-task.web.app/transfer_test.html?prod=1&wid=7new5n	最後に表示された完了コードを選んでください	完了コード1文字目	0@1@2@3@4@5@6@7@8@9	完了コード2文字目	0@1@2@3@4@5@6@7@8@9	完了コード3文字目	0@1@2@3@4@5@6@7@8@9	
vftfvw	0				ページを開き、課題を完了させてください。	課題の最後に、完了コードが表示されます。	https://kana-task.web.app/transfer_test.html?prod=1&wid=vftfvw	最後に表示された完了コードを選んでください	完了コード1文字目	0@1@2@3@4@5@6@7@8@9	完了コード2文字目	0@1@2@3@4@5@6@7@8@9	完了コード3文字目	0@1@2@3@4@5@6@7@8@9	
mxpwj9	0				ページを開き、課題を完了させてください。	課題の最後に、完了コードが表示されます。	https://kana-task.web.app/transfer_test.html?prod=1&wid=mxpwj9	最後に表示された完了コードを選んでください	完了コード1文字目	0@1@2@3@4@5@6@7@8@9	完了コード2文字目	0@1@2@3@4@5@6@7@8@9	完了コード3文字目	0@1@2@3@4@5@6@7@8@9	
agjfrs	0				ページを開き、課題を完了させてください。	課題の最後に、完了コードが表示されます。	https://kana-task.web.app/transfer_test.html?prod=1&wid=agjfrs	最後に表示された完了コードを選んでください	完了コード1文字目	0@1@2@3@4@5@6@7@8@9	完了コード2文字目	0@1@2@3@4@5@6@7@8@9	完了コード3文字目	0@1@2@3@4@5@6@7@8@9	
u6mudq	0				ページを開き、課題を完了させてください。	課題の最後に、完了コードが表示されます。	https://kana-task.web.app/transfer_test.html?prod=1&wid=u6mudq	最後に表示された完了コードを選んでください	完了コード1文字目	0@1@2@3@4@5@6@7@8@9	完了コード2文字目	0@1@2@3@4@5@6@7@8@9	完了コード3文字目	0@1@2@3@4@5@6@7@8@9	
s9pbnj	0				ページを開き、課題を完了させてください。	課題の最後に、完了コードが表示されます。	https://kana-task.web.app/transfer_test.html?prod=1&wid=s9pbnj	最後に表示された完了コードを選んでください	完了コード1文字目	0@1@2@3@4@5@6@7@8@9	完了コード2文字目	0@1@2@3@4@5@6@7@8@9	完了コード3文字目	0@1@2@3@4@5@6@7@8@9	
z6uaky	0				ページを開き、課題を完了させてください。	課題の最後に、完了コードが表示されます。	https://kana-task.web.app/transfer_test.html?prod=1&wid=z6uaky	最後に表示された完了コードを選んでください	完了コード1文字目	0@1@2@3@4@5@6@7@8@9	完了コード2文字目	0@1@2@3@4@5@6@7@8@9	完了コード3文字目	0@1@2@3@4@5@6@7@8@9	
ydarvh	0				ページを開き、課題を完了させてください。	課題の最後に、完了コードが表示されます。	https://kana-task.web.app/transfer_test.html?prod=1&wid=ydarvh	最後に表示された完了コードを選んでください	完了コード1文字目	0@1@2@3@4@5@6@7@8@9	完了コード2文字目	0@1@2@3@4@5@6@7@8@9	完了コード3文字目	0@1@2@3@4@5@6@7@8@9	
2fpqsp	0				ページを開き、課題を完了させてください。	課題の最後に、完了コードが表示されます。	https://kana-task.web.app/transfer_test.html?prod=1&wid=2fpqsp	最後に表示された完了コードを選んでください	完了コード1文字目	0@1@2@3@4@5@6@7@8@9	完了コード2文字目	0@1@2@3@4@5@6@7@8@9	完了コード3文字目	0@1@2@3@4@5@6@7@8@9	
kx26cc	0				ページを開き、課題を完了させてください。	課題の最後に、完了コードが表示されます。	https://kana-task.web.app/transfer_test.html?prod=1&wid=kx26cc	最後に表示された完了コードを選んでください	完了コード1文字目	0@1@2@3@4@5@6@7@8@9	完了コード2文字目	0@1@2@3@4@5@6@7@8@9	完了コード3文字目	0@1@2@3@4@5@6@7@8@9	
rtv5q3	0				ページを開き、課題を完了させてください。	課題の最後に、完了コードが表示されます。	https://kana-task.web.app/transfer_test.html?prod=1&wid=rtv5q3	最後に表示された完了コードを選んでください	完了コード1文字目	0@1@2@3@4@5@6@7@8@9	完了コード2文字目	0@1@2@3@4@5@6@7@8@9	完了コード3文字目	0@1@2@3@4@5@6@7@8@9	
yuqx52	0				ページを開き、課題を完了させてください。	課題の最後に、完了コードが表示されます。	https://kana-task.web.app/transfer_test.html?prod=1&wid=yuqx52	最後に表示された完了コードを選んでください	完了コード1文字目	0@1@2@3@4@5@6@7@8@9	完了コード2文字目	0@1@2@3@4@5@6@7@8@9	完了コード3文字目	0@1@2@3@4@5@6@7@8@9	
bnddft	0				ページを開き、課題を完了させてください。	課題の最後に、完了コードが表示されます。	https://kana-task.web.app/transfer_test.html?prod=1&wid=bnddft	最後に表示された完了コードを選んでください	完了コード1文字目	0@1@2@3@4@5@6@7@8@9	完了コード2文字目	0@1@2@3@4@5@6@7@8@9	完了コード3文字目	0@1@2@3@4@5@6@7@8@9	
bb3svr	0				ページを開き、課題を完了させてください。	課題の最後に、完了コードが表示されます。	https://kana-task.web.app/transfer_test.html?prod=1&wid=bb3svr	最後に表示された完了コードを選んでください	完了コード1文字目	0@1@2@3@4@5@6@7@8@9	完了コード2文字目	0@1@2@3@4@5@6@7@8@9	完了コード3文字目	0@1@2@3@4@5@6@7@8@9	
chk01	1	9	4	9				こちらのページに新しい課題はございません。先ほどと全く同じ完了コードを再度お選びください。	完了コード1文字目	0@1@2@3@4@5@6@7@8@9	完了コード2文字目	0@1@2@3@4@5@6@7@8@9	完了コード3文字目	0@1@2@3@4@5@6@7@8@9	
chk02	1	9	4	9				こちらのページに新しい課題はございません。先ほどと全く同じ完了コードを再度お選びください。	完了コード1文字目	0@1@2@3@4@5@6@7@8@9	完了コード2文字目	0@1@2@3@4@5@6@7@8@9	完了コード3文字目	0@1@2@3@4@5@6@7@8@9	
chk03	1	9	4	9				こちらのページに新しい課題はございません。先ほどと全く同じ完了コードを再度お選びください。	完了コード1文字目	0@1@2@3@4@5@6@7@8@9	完了コード2文字目	0@1@2@3@4@5@6@7@8@9	完了コード3文字目	0@1@2@3@4@5@6@7@8@9	
chk04	1	9	4	9				こちらのページに新しい課題はございません。先ほどと全く同じ完了コードを再度お選びください。	完了コード1文字目	0@1@2@3@4@5@6@7@8@9	完了コード2文字目	0@1@2@3@4@5@6@7@8@9	完了コード3文字目	0@1@2@3@4@5@6@7@8@9	
chk05	1	9	4	9				こちらのページに新しい課題はございません。先ほどと全く同じ完了コードを再度お選びください。	完了コード1文字目	0@1@2@3@4@5@6@7@8@9	完了コード2文字目	0@1@2@3@4@5@6@7@8@9	完了コード3文字目	0@1@2@3@4@5@6@7@8@9	
chk06	1	9	4	9				こちらのページに新しい課題はございません。先ほどと全く同じ完了コードを再度お選びください。	完了コード1文字目	0@1@2@3@4@5@6@7@8@9	完了コード2文字目	0@1@2@3@4@5@6@7@8@9	完了コード3文字目	0@1@2@3@4@5@6@7@8@9	
chk07	1	9	4	9				こちらのページに新しい課題はございません。先ほどと全く同じ完了コードを再度お選びください。	完了コード1文字目	0@1@2@3@4@5@6@7@8@9	完了コード2文字目	0@1@2@3@4@5@6@7@8@9	完了コード3文字目	0@1@2@3@4@5@6@7@8@9	
chk08	1	9	4	9				こちらのページに新しい課題はございません。先ほどと全く同じ完了コードを再度お選びください。	完了コード1文字目	0@1@2@3@4@5@6@7@8@9	完了コード2文字目	0@1@2@3@4@5@6@7@8@9	完了コード3文字目	0@1@2@3@4@5@6@7@8@9	
chk09	1	9	4	9				こちらのページに新しい課題はございません。先ほどと全く同じ完了コードを再度お選びください。	完了コード1文字目	0@1@2@3@4@5@6@7@8@9	完了コード2文字目	0@1@2@3@4@5@6@7@8@9	完了コード3文字目	0@1@2@3@4@5@6@7@8@9	
chk10	1	9	4	9				こちらのページに新しい課題はございません。先ほどと全く同じ完了コードを再度お選びください。	完了コード1文字目	0@1@2@3@4@5@6@7@8@9	完了コード2文字目	0@1@2@3@4@5@6@7@8@9	完了コード3文字目	0@1@2@3@4@5@6@7@8@9	
