char,family,axis,level,n_correct,n_trials,accuracy
い,blur,progress_pct,26.0,0,1,0.0
い,blur,progress_pct,38.0,1,1,1.0
い,blur,progress_pct,48.0,2,2,1.0
い,blur,progress_pct,56.0,1,1,1.0
い,blur,progress_pct,72.0,2,2,1.0
い,blur,progress_pct,84.0,1,1,1.0
い,blur,progress_pct,100.0,1,1,1.0
い,fade,progress_pct,0.4,1,2,0.5
い,fade,progress_pct,0.8,0,1,0.0
い,fade,progress_pct,2.2,2,2,1.0
い,fade,progress_pct,3.5,1,1,1.0
い,fade,progress_pct,6.0,2,2,1.0
い,fade,progress_pct,12.0,1,1,1.0
い,reveal,progress_pct,0.1,1,5,0.2
い,reveal,progress_pct,0.25,0,7,0.0
い,reveal,progress_pct,0.5,1,3,0.3333
い,reveal,progress_pct,1.0,0,5,0.0
い,reveal,progress_pct,2.0,5,8,0.625
い,reveal,progress_pct,4.0,5,5,1.0
い,reveal,progress_pct,9.0,4,4,1.0
い,reveal,progress_pct,100.0,5,5,1.0
い,wipe,progress_pct,0.5,0,2,0.0
い,wipe,progress_pct,1.0,0,3,0.0
い,wipe,progress_pct,2.0,0,1,0.0
い,wipe,progress_pct,4.0,0,4,0.0
い,wipe,progress_pct,14.0,1,1,1.0
い,wipe,progress_pct,25.0,2,4,0.5
う,blur,progress_pct,26.0,0,1,0.0
う,blur,progress_pct,38.0,1,1,1.0
う,blur,progress_pct,48.0,1,1,1.0
う,blur,progress_pct,56.0,0,1,0.0
う,blur,progress_pct,64.0,2,2,1.0
う,blur,progress_pct,84.0,1,1,1.0
う,blur,progress_pct,100.0,2,2,1.0
う,fade,progress_pct,0.4,0,3,0.0
う,fade,progress_pct,0.8,0,3,0.0
う,fade,progress_pct,1.4,1,2,0.5
う,fade,progress_pct,2.2,3,4,0.75
う,fade,progress_pct,3.5,1,1,1.0
う,fade,progress_pct,6.0,1,2,0.5
う,fade,progress_pct,12.0,5,5,1.0
う,fade,progress_pct,100.0,1,1,1.0
う,reveal,progress_pct,0.1,0,2,0.0
う,reveal,progress_pct,0.25,0,3,0.0
う,reveal,progress_pct,0.5,1,3,0.3333
う,reveal,progress_pct,1.0,0,2,0.0
う,reveal,progress_pct,2.0,0,3,0.0
う,reveal,progress_pct,4.0,2,3,0.6667
う,reveal,progress_pct,9.0,3,3,1.0
う,reveal,progress_pct,100.0,4,4,1.0
う,wipe,progress_pct,0.5,0,3,0.0
う,wipe,progress_pct,1.0,0,6,0.0
う,wipe,progress_pct,2.0,0,1,0.0
う,wipe,progress_pct,4.0,0,6,0.0
う,wipe,progress_pct,8.0,0,4,0.0
う,wipe,progress_pct,14.0,0,2,0.0
う,wipe,progress_pct,25.0,1,5,0.2
う,wipe,progress_pct,100.0,3,3,1.0
え,blur,progress_pct,26.0,0,4,0.0
え,blur,progress_pct,38.0,1,2,0.5
え,blur,progress_pct,48.0,3,8,0.375
え,blur,progress_pct,56.0,0,1,0.0
え,blur,progress_pct,64.0,2,4,0.5
え,blur,progress_pct,72.0,6,6,1.0
え,blur,progress_pct,84.0,2,3,0.6667
え,blur,progress_pct,100.0,5,5,1.0
え,fade,progress_pct,0.4,0,2,0.0
え,fade,progress_pct,1.4,1,2,0.5
え,fade,progress_pct,2.2,1,2,0.5
え,fade,progress_pct,3.5,1,1,1.0
え,fade,progress_pct,6.0,2,2,1.0
え,fade,progress_pct,12.0,0,1,0.0
え,fade,progress_pct,100.0,2,2,1.0
え,reveal,progress_pct,0.1,0,5,0.0
え,reveal,progress_pct,0.25,1,2,0.5
え,reveal,progress_pct,0.5,0,3,0.0
え,reveal,progress_pct,1.0,5,6,0.8333
え,reveal,progress_pct,2.0,1,1,1.0
え,reveal,progress_pct,4.0,5,5,1.0
え,reveal,progress_pct,9.0,3,3,1.0
え,reveal,progress_pct,100.0,2,2,1.0
え,wipe,progress_pct,0.5,0,3,0.0
え,wipe,progress_pct,2.0,0,3,0.0
え,wipe,progress_pct,4.0,0,2,0.0
え,wipe,progress_pct,8.0,0,1,0.0
え,wipe,progress_pct,14.0,1,3,0.3333
え,wipe,progress_pct,25.0,1,1,1.0
え,wipe,progress_pct,100.0,2,2,1.0
お,blur,progress_pct,26.0,2,4,0.5
お,blur,progress_pct,38.0,1,1,1.0
お,blur,progress_pct,48.0,1,2,0.5
お,blur,progress_pct,56.0,2,4,0.5
お,blur,progress_pct,64.0,3,3,1.0
お,blur,progress_pct,72.0,1,1,1.0
お,blur,progress_pct,84.0,3,3,1.0
お,blur,progress_pct,100.0,3,3,1.0
お,fade,progress_pct,0.4,0,1,0.0
お,fade,progress_pct,0.8,1,1,1.0
お,fade,progress_pct,1.4,0,1,0.0
お,fade,progress_pct,2.2,1,1,1.0
お,fade,progress_pct,3.5,1,1,1.0
お,fade,progress_pct,6.0,1,1,1.0
お,fade,progress_pct,12.0,2,2,1.0
お,fade,progress_pct,100.0,1,1,1.0
お,reveal,progress_pct,0.1,0,5,0.0
お,reveal,progress_pct,0.25,0,3,0.0
お,reveal,progress_pct,0.5,0,1,0.0
お,reveal,progress_pct,1.0,0,6,0.0
お,reveal,progress_pct,2.0,1,2,0.5
お,reveal,progress_pct,4.0,2,4,0.5
お,reveal,progress_pct,9.0,5,5,1.0
お,reveal,progress_pct,100.0,1,1,1.0
お,wipe,progress_pct,0.5,0,3,0.0
お,wipe,progress_pct,1.0,0,2,0.0
お,wipe,progress_pct,2.0,1,5,0.2
お,wipe,progress_pct,4.0,0,2,0.0
お,wipe,progress_pct,8.0,2,2,1.0
お,wipe,progress_pct,14.0,3,6,0.5
お,wipe,progress_pct,25.0,0,1,0.0
お,wipe,progress_pct,100.0,6,6,1.0
き,blur,progress_pct,26.0,0,2,0.0
き,blur,progress_pct,38.0,0,2,0.0
き,blur,progress_pct,48.0,1,2,0.5
き,blur,progress_pct,56.0,1,2,0.5
き,blur,progress_pct,64.0,0,1,0.0
き,blur,progress_pct,72.0,3,3,1.0
き,blur,progress_pct,84.0,1,1,1.0
き,blur,progress_pct,100.0,2,2,1.0
き,fade,progress_pct,0.4,0,2,0.0
き,fade,progress_pct,0.8,2,5,0.4
き,fade,progress_pct,1.4,1,3,0.3333
き,fade,progress_pct,2.2,1,1,1.0
き,fade,progress_pct,3.5,7,7,1.0
き,fade,progress_pct,6.0,2,2,1.0
き,fade,progress_pct,12.0,3,3,1.0
き,fade,progress_pct,100.0,4,4,1.0
き,reveal,progress_pct,0.1,0,1,0.0
き,reveal,progress_pct,0.25,0,1,0.0
き,reveal,progress_pct,0.5,0,1,0.0
き,reveal,progress_pct,2.0,0,1,0.0
き,reveal,progress_pct,4.0,1,1,1.0
き,reveal,progress_pct,9.0,1,1,1.0
き,wipe,progress_pct,0.5,0,3,0.0
き,wipe,progress_pct,1.0,0,4,0.0
き,wipe,progress_pct,2.0,0,6,0.0
き,wipe,progress_pct,4.0,0,2,0.0
き,wipe,progress_pct,8.0,2,5,0.4
き,wipe,progress_pct,14.0,0,5,0.0
き,wipe,progress_pct,25.0,1,3,0.3333
き,wipe,progress_pct,100.0,4,5,0.8
ぎ,blur,progress_pct,26.0,1,4,0.25
ぎ,blur,progress_pct,38.0,0,6,0.0
ぎ,blur,progress_pct,48.0,4,4,1.0
ぎ,blur,progress_pct,56.0,3,5,0.6
ぎ,blur,progress_pct,64.0,0,3,0.0
ぎ,blur,progress_pct,72.0,3,4,0.75
ぎ,blur,progress_pct,84.0,5,5,1.0
ぎ,blur,progress_pct,100.0,2,2,1.0
ぎ,fade,progress_pct,0.4,0,3,0.0
ぎ,fade,progress_pct,0.8,0,1,0.0
ぎ,fade,progress_pct,1.4,2,5,0.4
ぎ,fade,progress_pct,2.2,1,2,0.5
ぎ,fade,progress_pct,3.5,2,2,1.0
ぎ,fade,progress_pct,6.0,3,3,1.0
ぎ,fade,progress_pct,12.0,2,2,1.0
ぎ,fade,progress_pct,100.0,3,3,1.0
ぎ,reveal,progress_pct,0.1,0,3,0.0
ぎ,reveal,progress_pct,0.25,0,3,0.0
ぎ,reveal,progress_pct,0.5,0,2,0.0
ぎ,reveal,progress_pct,1.0,1,5,0.2
ぎ,reveal,progress_pct,2.0,0,1,0.0
ぎ,reveal,progress_pct,4.0,0,2,0.0
ぎ,reveal,progress_pct,9.0,5,5,1.0
ぎ,reveal,progress_pct,100.0,3,3,1.0
ぎ,wipe,progress_pct,0.5,0,3,0.0
ぎ,wipe,progress_pct,2.0,0,1,0.0
ぎ,wipe,progress_pct,4.0,0,2,0.0
ぎ,wipe,progress_pct,8.0,0,1,0.0
ぎ,wipe,progress_pct,25.0,0,2,0.0
ぎ,wipe,progress_pct,100.0,1,1,1.0
く,blur,progress_pct,26.0,2,2,1.0
く,blur,progress_pct,38.0,2,4,0.5
く,blur,progress_pct,48.0,4,4,1.0
く,blur,progress_pct,56.0,1,1,1.0
く,blur,progress_pct,64.0,5,5,1.0
く,blur,progress_pct,72.0,2,2,1.0
く,blur,progress_pct,84.0,3,3,1.0
く,blur,progress_pct,100.0,3,3,1.0
く,fade,progress_pct,0.4,0,3,0.0
く,fade,progress_pct,0.8,0,1,0.0
く,fade,progress_pct,1.4,2,2,1.0
く,fade,progress_pct,2.2,2,3,0.6667
く,fade,progress_pct,3.5,1,1,1.0
く,fade,progress_pct,6.0,3,3,1.0
く,fade,progress_pct,12.0,1,1,1.0
く,fade,progress_pct,100.0,1,1,1.0
く,reveal,progress_pct,0.1,0,1,0.0
く,reveal,progress_pct,0.25,0,4,0.0
く,reveal,progress_pct,1.0,2,2,1.0
く,reveal,progress_pct,2.0,1,3,0.3333
く,reveal,progress_pct,9.0,4,4,1.0
く,reveal,progress_pct,100.0,1,1,1.0
く,wipe,progress_pct,0.5,0,4,0.0
く,wipe,progress_pct,1.0,0,3,0.0
く,wipe,progress_pct,2.0,0,2,0.0
く,wipe,progress_pct,4.0,0,3,0.0
く,wipe,progress_pct,8.0,0,2,0.0
く,wipe,progress_pct,14.0,0,3,0.0
く,wipe,progress_pct,25.0,2,3,0.6667
く,wipe,progress_pct,100.0,1,1,1.0
ぐ,blur,progress_pct,26.0,0,2,0.0
ぐ,blur,progress_pct,38.0,0,1,0.0
ぐ,blur,progress_pct,48.0,0,1,0.0
ぐ,blur,progress_pct,56.0,0,3,0.0
ぐ,blur,progress_pct,64.0,1,1,1.0
ぐ,blur,progress_pct,84.0,3,3,1.0
ぐ,blur,progress_pct,100.0,1,1,1.0
ぐ,fade,progress_pct,0.4,0,2,0.0
ぐ,fade,progress_pct,0.8,1,4,0.25
ぐ,fade,progress_pct,1.4,0,5,0.0
ぐ,fade,progress_pct,2.2,3,3,1.0
ぐ,fade,progress_pct,3.5,3,4,0.75
ぐ,fade,progress_pct,6.0,4,4,1.0
ぐ,fade,progress_pct,12.0,3,4,0.75
ぐ,fade,progress_pct,100.0,4,4,1.0
ぐ,reveal,progress_pct,0.1,0,3,0.0
ぐ,reveal,progress_pct,0.25,0,1,0.0
ぐ,reveal,progress_pct,0.5,0,7,0.0
ぐ,reveal,progress_pct,1.0,0,2,0.0
ぐ,reveal,progress_pct,2.0,1,3,0.3333
ぐ,reveal,progress_pct,4.0,3,4,0.75
ぐ,reveal,progress_pct,9.0,2,2,1.0
ぐ,reveal,progress_pct,100.0,5,5,1.0
ぐ,wipe,progress_pct,0.5,0,1,0.0
ぐ,wipe,progress_pct,1.0,0,5,0.0
ぐ,wipe,progress_pct,2.0,0,1,0.0
ぐ,wipe,progress_pct,4.0,0,3,0.0
ぐ,wipe,progress_pct,8.0,0,3,0.0
ぐ,wipe,progress_pct,14.0,0,2,0.0
ぐ,wipe,progress_pct,25.0,0,4,0.0
ぐ,wipe,progress_pct,100.0,2,2,1.0
け,blur,progress_pct,26.0,2,5,0.4
け,blur,progress_pct,38.0,1,5,0.2
け,blur,progress_pct,48.0,1,3,0.3333
け,blur,progress_pct,56.0,3,4,0.75
け,blur,progress_pct,64.0,5,5,1.0
け,blur,progress_pct,72.0,5,5,1.0
け,blur,progress_pct,84.0,4,4,1.0
け,blur,progress_pct,100.0,2,2,1.0
け,fade,progress_pct,1.4,1,4,0.25
け,fade,progress_pct,3.5,2,2,1.0
け,fade,progress_pct,6.0,2,2,1.0
け,fade,progress_pct,100.0,4,4,1.0
け,reveal,progress_pct,0.1,0,1,0.0
け,reveal,progress_pct,0.25,0,3,0.0
け,reveal,progress_pct,0.5,0,4,0.0
け,reveal,progress_pct,1.0,0,2,0.0
け,reveal,progress_pct,2.0,1,2,0.5
け,reveal,progress_pct,4.0,2,3,0.6667
け,reveal,progress_pct,9.0,2,3,0.6667
け,reveal,progress_pct,100.0,3,3,1.0
け,wipe,progress_pct,0.5,0,4,0.0
け,wipe,progress_pct,1.0,1,3,0.3333
け,wipe,progress_pct,2.0,2,5,0.4
け,wipe,progress_pct,4.0,0,4,0.0
け,wipe,progress_pct,8.0,1,4,0.25
け,wipe,progress_pct,14.0,1,3,0.3333
け,wipe,progress_pct,25.0,2,5,0.4
け,wipe,progress_pct,100.0,2,3,0.6667
げ,blur,progress_pct,26.0,0,2,0.0
げ,blur,progress_pct,38.0,0,2,0.0
げ,blur,progress_pct,48.0,1,2,0.5
げ,blur,progress_pct,56.0,1,1,1.0
げ,blur,progress_pct,64.0,2,2,1.0
げ,blur,progress_pct,72.0,3,3,1.0
げ,blur,progress_pct,84.0,1,1,1.0
げ,blur,progress_pct,100.0,2,2,1.0
げ,fade,progress_pct,0.4,0,3,0.0
げ,fade,progress_pct,0.8,0,3,0.0
げ,fade,progress_pct,1.4,0,2,0.0
げ,fade,progress_pct,2.2,1,2,0.5
げ,fade,progress_pct,3.5,2,4,0.5
げ,fade,progress_pct,6.0,1,2,0.5
げ,fade,progress_pct,12.0,1,1,1.0
げ,fade,progress_pct,100.0,4,4,1.0
げ,reveal,progress_pct,0.1,0,4,0.0
げ,reveal,progress_pct,0.25,0,2,0.0
げ,reveal,progress_pct,0.5,0,2,0.0
げ,reveal,progress_pct,1.0,1,4,0.25
げ,reveal,progress_pct,2.0,0,1,0.0
げ,reveal,progress_pct,4.0,2,2,1.0
げ,reveal,progress_pct,9.0,4,4,1.0
げ,reveal,progress_pct,100.0,2,2,1.0
げ,wipe,progress_pct,0.5,0,4,0.0
げ,wipe,progress_pct,1.0,0,3,0.0
げ,wipe,progress_pct,2.0,0,1,0.0
げ,wipe,progress_pct,4.0,0,4,0.0
げ,wipe,progress_pct,8.0,0,3,0.0
げ,wipe,progress_pct,14.0,0,4,0.0
げ,wipe,progress_pct,25.0,0,2,0.0
げ,wipe,progress_pct,100.0,3,3,1.0
こ,blur,progress_pct,26.0,0,4,0.0
こ,blur,progress_pct,38.0,1,3,0.3333
こ,blur,progress_pct,48.0,4,4,1.0
こ,blur,progress_pct,56.0,5,5,1.0
こ,blur,progress_pct,64.0,5,5,1.0
こ,blur,progress_pct,72.0,3,3,1.0
こ,blur,progress_pct,84.0,4,4,1.0
こ,blur,progress_pct,100.0,5,5,1.0
こ,fade,progress_pct,0.4,0,1,0.0
こ,fade,progress_pct,0.8,1,3,0.3333
こ,fade,progress_pct,1.4,0,2,0.0
こ,fade,progress_pct,2.2,2,2,1.0
こ,fade,progress_pct,3.5,4,4,1.0
こ,fade,progress_pct,6.0,1,1,1.0
こ,fade,progress_pct,12.0,3,3,1.0
こ,fade,progress_pct,100.0,2,2,1.0
こ,reveal,progress_pct,0.1,0,1,0.0
こ,reveal,progress_pct,0.25,0,3,0.0
こ,reveal,progress_pct,0.5,0,2,0.0
こ,reveal,progress_pct,1.0,0,1,0.0
こ,reveal,progress_pct,2.0,2,3,0.6667
こ,reveal,progress_pct,4.0,1,1,1.0
こ,reveal,progress_pct,9.0,2,2,1.0
こ,reveal,progress_pct,100.0,2,2,1.0
こ,wipe,progress_pct,0.5,0,2,0.0
こ,wipe,progress_pct,1.0,0,1,0.0
こ,wipe,progress_pct,2.0,0,2,0.0
こ,wipe,progress_pct,4.0,0,1,0.0
こ,wipe,progress_pct,8.0,0,2,0.0
こ,wipe,progress_pct,14.0,0,1,0.0
こ,wipe,progress_pct,25.0,2,2,1.0
こ,wipe,progress_pct,100.0,1,1,1.0
ご,blur,progress_pct,26.0,1,1,1.0
ご,blur,progress_pct,38.0,3,4,0.75
ご,blur,progress_pct,48.0,2,2,1.0
ご,blur,progress_pct,56.0,3,4,0.75
ご,blur,progress_pct,64.0,3,3,1.0
ご,blur,progress_pct,72.0,1,1,1.0
ご,blur,progress_pct,84.0,4,4,1.0
ご,blur,progress_pct,100.0,2,2,1.0
ご,fade,progress_pct,0.4,0,4,0.0
ご,fade,progress_pct,0.8,0,4,0.0
ご,fade,progress_pct,1.4,1,4,0.25
ご,fade,progress_pct,2.2,0,2,0.0
ご,fade,progress_pct,3.5,3,4,0.75
ご,fade,progress_pct,6.0,3,4,0.75
ご,fade,progress_pct,12.0,0,1,0.0
ご,fade,progress_pct,100.0,4,4,1.0
ご,reveal,progress_pct,0.1,0,3,0.0
ご,reveal,progress_pct,0.25,0,2,0.0
ご,reveal,progress_pct,0.5,0,3,0.0
ご,reveal,progress_pct,1.0,0,3,0.0
ご,reveal,progress_pct,2.0,0,2,0.0
ご,reveal,progress_pct,4.0,2,2,1.0
ご,reveal,progress_pct,9.0,3,3,1.0
ご,reveal,progress_pct,100.0,3,3,1.0
ご,wipe,progress_pct,0.5,0,2,0.0
ご,wipe,progress_pct,1.0,0,5,0.0
ご,wipe,progress_pct,4.0,0,6,0.0
ご,wipe,progress_pct,8.0,0,1,0.0
ご,wipe,progress_pct,14.0,0,1,0.0
ご,wipe,progress_pct,25.0,0,5,0.0
ご,wipe,progress_pct,100.0,1,1,1.0
さ,blur,progress_pct,26.0,3,6,0.5
さ,blur,progress_pct,38.0,2,4,0.5
さ,blur,progress_pct,48.0,0,4,0.0
さ,blur,progress_pct,56.0,4,5,0.8
さ,blur,progress_pct,64.0,5,6,0.8333
さ,blur,progress_pct,72.0,5,5,1.0
さ,blur,progress_pct,84.0,4,4,1.0
さ,blur,progress_pct,100.0,5,5,1.0
さ,fade,progress_pct,0.4,1,4,0.25
さ,fade,progress_pct,0.8,1,3,0.3333
さ,fade,progress_pct,1.4,1,2,0.5
さ,fade,progress_pct,2.2,3,4,0.75
さ,fade,progress_pct,3.5,3,3,1.0
さ,fade,progress_pct,6.0,3,3,1.0
さ,fade,progress_pct,12.0,3,3,1.0
さ,fade,progress_pct,100.0,2,2,1.0
さ,reveal,progress_pct,0.1,0,3,0.0
さ,reveal,progress_pct,0.25,0,4,0.0
さ,reveal,progress_pct,0.5,1,4,0.25
さ,reveal,progress_pct,1.0,0,2,0.0
さ,reveal,progress_pct,2.0,2,3,0.6667
さ,reveal,progress_pct,4.0,4,4,1.0
さ,reveal,progress_pct,9.0,2,2,1.0
さ,reveal,progress_pct,100.0,5,5,1.0
さ,wipe,progress_pct,0.5,0,1,0.0
さ,wipe,progress_pct,1.0,0,4,0.0
さ,wipe,progress_pct,2.0,0,4,0.0
さ,wipe,progress_pct,4.0,0,3,0.0
さ,wipe,progress_pct,8.0,0,3,0.0
さ,wipe,progress_pct,14.0,0,4,0.0
さ,wipe,progress_pct,25.0,1,3,0.3333
さ,wipe,progress_pct,100.0,5,5,1.0
ざ,blur,progress_pct,26.0,1,4,0.25
ざ,blur,progress_pct,38.0,0,4,0.0
ざ,blur,progress_pct,48.0,1,1,1.0
ざ,blur,progress_pct,56.0,0,4,0.0
ざ,blur,progress_pct,64.0,2,3,0.6667
ざ,blur,progress_pct,72.0,3,3,1.0
ざ,blur,progress_pct,84.0,2,2,1.0
ざ,blur,progress_pct,100.0,3,3,1.0
ざ,fade,progress_pct,0.4,0,3,0.0
ざ,fade,progress_pct,1.4,2,4,0.5
ざ,fade,progress_pct,2.2,2,2,1.0
ざ,fade,progress_pct,3.5,1,2,0.5
ざ,fade,progress_pct,6.0,3,3,1.0
ざ,fade,progress_pct,12.0,1,1,1.0
ざ,fade,progress_pct,100.0,3,3,1.0
ざ,reveal,progress_pct,0.1,0,9,0.0
ざ,reveal,progress_pct,0.25,0,4,0.0
ざ,reveal,progress_pct,0.5,0,7,0.0
ざ,reveal,progress_pct,1.0,1,6,0.1667
ざ,reveal,progress_pct,2.0,3,9,0.3333
ざ,reveal,progress_pct,4.0,3,6,0.5
ざ,reveal,progress_pct,9.0,6,6,1.0
ざ,reveal,progress_pct,100.0,5,5,1.0
ざ,wipe,progress_pct,0.5,0,2,0.0
ざ,wipe,progress_pct,1.0,0,2,0.0
ざ,wipe,progress_pct,2.0,0,1,0.0
ざ,wipe,progress_pct,4.0,0,3,0.0
ざ,wipe,progress_pct,14.0,0,1,0.0
ざ,wipe,progress_pct,25.0,0,3,0.0
じ,blur,progress_pct,26.0,1,3,0.3333
じ,blur,progress_pct,38.0,1,3,0.3333
じ,blur,progress_pct,48.0,1,3,0.3333
じ,blur,progress_pct,56.0,2,3,0.6667
じ,blur,progress_pct,64.0,3,4,0.75
じ,blur,progress_pct,72.0,3,3,1.0
じ,blur,progress_pct,84.0,1,4,0.25
じ,blur,progress_pct,100.0,4,4,1.0
じ,fade,progress_pct,0.4,0,2,0.0
じ,fade,progress_pct,0.8,0,3,0.0
じ,fade,progress_pct,1.4,2,2,1.0
じ,fade,progress_pct,2.2,2,3,0.6667
じ,fade,progress_pct,3.5,4,4,1.0
じ,fade,progress_pct,6.0,1,1,1.0
じ,fade,progress_pct,12.0,4,4,1.0
じ,fade,progress_pct,100.0,2,2,1.0
じ,reveal,progress_pct,0.1,0,2,0.0
じ,reveal,progress_pct,0.25,0,1,0.0
じ,reveal,progress_pct,0.5,0,5,0.0
じ,reveal,progress_pct,1.0,0,1,0.0
じ,reveal,progress_pct,2.0,4,5,0.8
じ,reveal,progress_pct,4.0,1,1,1.0
じ,reveal,progress_pct,9.0,1,1,1.0
じ,reveal,progress_pct,100.0,5,5,1.0
じ,wipe,progress_pct,0.5,0,2,0.0
じ,wipe,progress_pct,1.0,0,1,0.0
じ,wipe,progress_pct,2.0,0,3,0.0
じ,wipe,progress_pct,4.0,0,1,0.0
じ,wipe,progress_pct,8.0,0,1,0.0
じ,wipe,progress_pct,14.0,0,4,0.0
じ,wipe,progress_pct,100.0,3,3,1.0
す,blur,progress_pct,26.0,0,3,0.0
す,blur,progress_pct,38.0,2,3,0.6667
す,blur,progress_pct,48.0,3,3,1.0
す,blur,progress_pct,56.0,1,3,0.3333
す,blur,progress_pct,64.0,2,3,0.6667
す,blur,progress_pct,72.0,3,3,1.0
す,blur,progress_pct,84.0,3,3,1.0
す,blur,progress_pct,100.0,3,3,1.0
す,fade,progress_pct,0.4,0,3,0.0
す,fade,progress_pct,0.8,0,1,0.0
す,fade,progress_pct,1.4,3,6,0.5
す,fade,progress_pct,2.2,1,1,1.0
す,fade,progress_pct,3.5,2,2,1.0
す,fade,progress_pct,6.0,5,6,0.8333
す,fade,progress_pct,100.0,5,5,1.0
す,reveal,progress_pct,0.1,0,3,0.0
す,reveal,progress_pct,0.25,0,3,0.0
す,reveal,progress_pct,0.5,1,1,1.0
す,reveal,progress_pct,1.0,1,3,0.3333
す,reveal,progress_pct,2.0,3,3,1.0
す,reveal,progress_pct,4.0,2,4,0.5
す,reveal,progress_pct,100.0,4,4,1.0
す,wipe,progress_pct,0.5,0,2,0.0
す,wipe,progress_pct,1.0,0,2,0.0
す,wipe,progress_pct,2.0,0,3,0.0
す,wipe,progress_pct,4.0,0,3,0.0
す,wipe,progress_pct,8.0,0,1,0.0
す,wipe,progress_pct,14.0,1,3,0.3333
す,wipe,progress_pct,25.0,1,2,0.5
す,wipe,progress_pct,100.0,2,2,1.0
ず,blur,progress_pct,26.0,1,7,0.1429
ず,blur,progress_pct,38.0,0,1,0.0
ず,blur,progress_pct,48.0,3,6,0.5
ず,blur,progress_pct,56.0,2,4,0.5
ず,blur,progress_pct,72.0,6,7,0.8571
ず,blur,progress_pct,84.0,3,3,1.0
ず,blur,progress_pct,100.0,2,2,1.0
ず,fade,progress_pct,0.4,0,8,0.0
ず,fade,progress_pct,0.8,0,1,0.0
ず,fade,progress_pct,1.4,2,3,0.6667
ず,fade,progress_pct,2.2,1,7,0.1429
ず,fade,progress_pct,3.5,1,1,1.0
ず,fade,progress_pct,6.0,5,5,1.0
ず,fade,progress_pct,12.0,4,4,1.0
ず,fade,progress_pct,100.0,1,1,1.0
ず,reveal,progress_pct,0.1,0,2,0.0
ず,reveal,progress_pct,0.25,1,3,0.3333
ず,reveal,progress_pct,0.5,0,6,0.0
ず,reveal,progress_pct,1.0,1,2,0.5
ず,reveal,progress_pct,2.0,0,3,0.0
ず,reveal,progress_pct,4.0,5,6,0.8333
ず,reveal,progress_pct,9.0,3,3,1.0
ず,reveal,progress_pct,100.0,5,5,1.0
ず,wipe,progress_pct,0.5,0,7,0.0
ず,wipe,progress_pct,1.0,0,1,0.0
ず,wipe,progress_pct,2.0,0,3,0.0
ず,wipe,progress_pct,4.0,0,6,0.0
ず,wipe,progress_pct,8.0,0,1,0.0
ず,wipe,progress_pct,14.0,0,5,0.0
ず,wipe,progress_pct,25.0,0,3,0.0
ず,wipe,progress_pct,100.0,1,1,1.0
せ,blur,progress_pct,26.0,0,4,0.0
せ,blur,progress_pct,38.0,1,5,0.2
せ,blur,progress_pct,48.0,4,5,0.8
せ,blur,progress_pct,56.0,1,4,0.25
せ,blur,progress_pct,64.0,2,4,0.5
せ,blur,progress_pct,72.0,4,4,1.0
せ,blur,progress_pct,84.0,7,7,1.0
せ,blur,progress_pct,100.0,3,3,1.0
せ,fade,progress_pct,0.4,0,4,0.0
せ,fade,progress_pct,0.8,1,2,0.5
せ,fade,progress_pct,1.4,2,2,1.0
せ,fade,progress_pct,2.2,4,5,0.8
せ,fade,progress_pct,3.5,2,2,1.0
せ,fade,progress_pct,6.0,4,4,1.0
せ,fade,progress_pct,12.0,3,3,1.0
せ,fade,progress_pct,100.0,2,2,1.0
せ,reveal,progress_pct,0.1,0,1,0.0
せ,reveal,progress_pct,0.25,0,1,0.0
せ,reveal,progress_pct,0.5,1,3,0.3333
せ,reveal,progress_pct,1.0,0,1,0.0
せ,reveal,progress_pct,4.0,2,3,0.6667
せ,reveal,progress_pct,9.0,1,1,1.0
せ,reveal,progress_pct,100.0,2,2,1.0
せ,wipe,progress_pct,0.5,0,4,0.0
せ,wipe,progress_pct,1.0,0,2,0.0
せ,wipe,progress_pct,2.0,0,1,0.0
せ,wipe,progress_pct,4.0,0,3,0.0
せ,wipe,progress_pct,8.0,0,2,0.0
せ,wipe,progress_pct,14.0,1,1,1.0
せ,wipe,progress_pct,25.0,3,5,0.6
ぜ,blur,progress_pct,26.0,1,3,0.3333
ぜ,blur,progress_pct,38.0,2,2,1.0
ぜ,blur,progress_pct,48.0,0,3,0.0
ぜ,blur,progress_pct,56.0,2,3,0.6667
ぜ,blur,progress_pct,64.0,2,2,1.0
ぜ,blur,progress_pct,72.0,1,2,0.5
ぜ,blur,progress_pct,84.0,3,3,1.0
ぜ,blur,progress_pct,100.0,3,3,1.0
ぜ,fade,progress_pct,0.4,0,6,0.0
ぜ,fade,progress_pct,0.8,0,4,0.0
ぜ,fade,progress_pct,1.4,1,3,0.3333
ぜ,fade,progress_pct,2.2,3,5,0.6
ぜ,fade,progress_pct,3.5,2,3,0.6667
ぜ,fade,progress_pct,6.0,6,6,1.0
ぜ,fade,progress_pct,12.0,4,5,0.8
ぜ,fade,progress_pct,100.0,1,1,1.0
ぜ,reveal,progress_pct,0.1,0,3,0.0
ぜ,reveal,progress_pct,0.25,1,3,0.3333
ぜ,reveal,progress_pct,0.5,0,3,0.0
ぜ,reveal,progress_pct,1.0,0,4,0.0
ぜ,reveal,progress_pct,2.0,1,1,1.0
ぜ,reveal,progress_pct,4.0,3,3,1.0
ぜ,reveal,progress_pct,9.0,2,3,0.6667
ぜ,reveal,progress_pct,100.0,1,1,1.0
ぜ,wipe,progress_pct,0.5,0,3,0.0
ぜ,wipe,progress_pct,1.0,0,5,0.0
ぜ,wipe,progress_pct,2.0,0,2,0.0
ぜ,wipe,progress_pct,4.0,0,3,0.0
ぜ,wipe,progress_pct,8.0,0,5,0.0
ぜ,wipe,progress_pct,14.0,0,2,0.0
ぜ,wipe,progress_pct,25.0,0,5,0.0
ぜ,wipe,progress_pct,100.0,2,2,1.0
そ,blur,progress_pct,26.0,0,3,0.0
そ,blur,progress_pct,38.0,1,2,0.5
そ,blur,progress_pct,48.0,1,1,1.0
そ,blur,progress_pct,56.0,0,2,0.0
そ,blur,progress_pct,64.0,1,2,0.5
そ,blur,progress_pct,72.0,3,3,1.0
そ,blur,progress_pct,84.0,1,1,1.0
そ,blur,progress_pct,100.0,1,1,1.0
そ,fade,progress_pct,0.4,1,2,0.5
そ,fade,progress_pct,0.8,1,4,0.25
そ,fade,progress_pct,1.4,2,4,0.5
そ,fade,progress_pct,2.2,2,3,0.6667
そ,fade,progress_pct,3.5,3,3,1.0
そ,fade,progress_pct,6.0,3,3,1.0
そ,fade,progress_pct,12.0,4,4,1.0
そ,fade,progress_pct,100.0,4,4,1.0
そ,reveal,progress_pct,0.1,1,5,0.2
そ,reveal,progress_pct,0.25,0,3,0.0
そ,reveal,progress_pct,0.5,3,4,0.75
そ,reveal,progress_pct,1.0,2,5,0.4
そ,reveal,progress_pct,2.0,3,3,1.0
そ,reveal,progress_pct,4.0,4,5,0.8
そ,reveal,progress_pct,9.0,5,5,1.0
そ,reveal,progress_pct,100.0,2,3,0.6667
そ,wipe,progress_pct,0.5,0,2,0.0
そ,wipe,progress_pct,1.0,0,3,0.0
そ,wipe,progress_pct,2.0,0,2,0.0
そ,wipe,progress_pct,4.0,0,4,0.0
そ,wipe,progress_pct,8.0,0,1,0.0
そ,wipe,progress_pct,14.0,0,3,0.0
そ,wipe,progress_pct,25.0,1,3,0.3333
そ,wipe,progress_pct,100.0,3,3,1.0
ぞ,blur,progress_pct,26.0,1,5,0.2
ぞ,blur,progress_pct,38.0,1,2,0.5
ぞ,blur,progress_pct,48.0,0,3,0.0
ぞ,blur,progress_pct,56.0,4,5,0.8
ぞ,blur,progress_pct,64.0,4,5,0.8
ぞ,blur,progress_pct,72.0,3,3,1.0
ぞ,blur,progress_pct,84.0,3,3,1.0
ぞ,blur,progress_pct,100.0,3,4,0.75
ぞ,fade,progress_pct,0.8,0,2,0.0
ぞ,fade,progress_pct,3.5,2,2,1.0
ぞ,fade,progress_pct,100.0,2,2,1.0
ぞ,reveal,progress_pct,0.1,0,4,0.0
ぞ,reveal,progress_pct,0.25,0,4,0.0
ぞ,reveal,progress_pct,0.5,0,3,0.0
ぞ,reveal,progress_pct,1.0,0,3,0.0
ぞ,reveal,progress_pct,2.0,2,6,0.3333
ぞ,reveal,progress_pct,4.0,1,2,0.5
ぞ,reveal,progress_pct,9.0,3,3,1.0
ぞ,reveal,progress_pct,100.0,5,5,1.0
ぞ,wipe,progress_pct,0.5,0,1,0.0
ぞ,wipe,progress_pct,1.0,0,1,0.0
ぞ,wipe,progress_pct,2.0,0,1,0.0
ぞ,wipe,progress_pct,4.0,0,1,0.0
ぞ,wipe,progress_pct,8.0,0,2,0.0
ぞ,wipe,progress_pct,14.0,0,1,0.0
ぞ,wipe,progress_pct,100.0,2,2,1.0
た,blur,progress_pct,26.0,1,4,0.25
た,blur,progress_pct,38.0,0,3,0.0
た,blur,progress_pct,48.0,2,3,0.6667
た,blur,progress_pct,56.0,4,4,1.0
た,blur,progress_pct,64.0,3,3,1.0
た,blur,progress_pct,72.0,5,5,1.0
た,blur,progress_pct,84.0,3,3,1.0
た,blur,progress_pct,100.0,2,2,1.0
た,fade,progress_pct,0.4,0,5,0.0
た,fade,progress_pct,1.4,1,2,0.5
た,fade,progress_pct,2.2,2,4,0.5
た,fade,progress_pct,6.0,3,3,1.0
た,fade,progress_pct,12.0,3,3,1.0
た,fade,progress_pct,100.0,1,1,1.0
た,reveal,progress_pct,0.1,0,2,0.0
た,reveal,progress_pct,0.25,0,2,0.0
た,reveal,progress_pct,0.5,0,1,0.0
た,reveal,progress_pct,1.0,2,2,1.0
た,reveal,progress_pct,2.0,0,1,0.0
た,reveal,progress_pct,4.0,1,1,1.0
た,reveal,progress_pct,9.0,2,2,1.0
た,reveal,progress_pct,100.0,1,1,1.0
た,wipe,progress_pct,1.0,0,3,0.0
た,wipe,progress_pct,2.0,0,2,0.0
た,wipe,progress_pct,4.0,0,1,0.0
た,wipe,progress_pct,8.0,1,3,0.3333
た,wipe,progress_pct,14.0,0,1,0.0
た,wipe,progress_pct,25.0,1,3,0.3333
た,wipe,progress_pct,100.0,2,2,1.0
だ,blur,progress_pct,26.0,0,4,0.0
だ,blur,progress_pct,38.0,0,4,0.0
だ,blur,progress_pct,48.0,1,4,0.25
だ,blur,progress_pct,56.0,0,3,0.0
だ,blur,progress_pct,64.0,4,4,1.0
だ,blur,progress_pct,72.0,4,4,1.0
だ,blur,progress_pct,84.0,2,2,1.0
だ,blur,progress_pct,100.0,5,5,1.0
だ,fade,progress_pct,0.4,0,2,0.0
だ,fade,progress_pct,0.8,0,2,0.0
だ,fade,progress_pct,2.2,1,3,0.3333
だ,fade,progress_pct,3.5,1,1,1.0
だ,fade,progress_pct,12.0,3,3,1.0
だ,fade,progress_pct,100.0,1,1,1.0
だ,reveal,progress_pct,0.1,0,5,0.0
だ,reveal,progress_pct,0.25,0,1,0.0
だ,reveal,progress_pct,0.5,0,3,0.0
だ,reveal,progress_pct,1.0,0,3,0.0
だ,reveal,progress_pct,4.0,3,3,1.0
だ,reveal,progress_pct,9.0,3,3,1.0
だ,wipe,progress_pct,0.5,0,3,0.0
だ,wipe,progress_pct,1.0,0,2,0.0
だ,wipe,progress_pct,2.0,0,6,0.0
だ,wipe,progress_pct,4.0,0,3,0.0
だ,wipe,progress_pct,8.0,0,3,0.0
だ,wipe,progress_pct,14.0,0,4,0.0
だ,wipe,progress_pct,25.0,0,2,0.0
だ,wipe,progress_pct,100.0,4,4,1.0
ち,blur,progress_pct,26.0,0,4,0.0
ち,blur,progress_pct,38.0,1,4,0.25
ち,blur,progress_pct,48.0,0,5,0.0
ち,blur,progress_pct,56.0,2,4,0.5
ち,blur,progress_pct,64.0,2,3,0.6667
ち,blur,progress_pct,72.0,4,5,0.8
ち,blur,progress_pct,84.0,3,3,1.0
ち,blur,progress_pct,100.0,5,5,1.0
ち,fade,progress_pct,0.4,0,2,0.0
ち,fade,progress_pct,0.8,0,7,0.0
ち,fade,progress_pct,1.4,1,1,1.0
ち,fade,progress_pct,2.2,4,4,1.0
ち,fade,progress_pct,3.5,3,4,0.75
ち,fade,progress_pct,6.0,1,1,1.0
ち,fade,progress_pct,12.0,6,6,1.0
ち,fade,progress_pct,100.0,2,2,1.0
ち,reveal,progress_pct,0.1,1,4,0.25
ち,reveal,progress_pct,0.25,1,5,0.2
ち,reveal,progress_pct,0.5,0,1,0.0
ち,reveal,progress_pct,1.0,1,4,0.25
ち,reveal,progress_pct,2.0,1,5,0.2
ち,reveal,progress_pct,4.0,3,4,0.75
ち,reveal,progress_pct,9.0,4,4,1.0
ち,reveal,progress_pct,100.0,3,3,1.0
ち,wipe,progress_pct,0.5,0,3,0.0
ち,wipe,progress_pct,1.0,1,4,0.25
ち,wipe,progress_pct,2.0,0,3,0.0
ち,wipe,progress_pct,4.0,0,3,0.0
ち,wipe,progress_pct,8.0,0,7,0.0
ち,wipe,progress_pct,14.0,0,1,0.0
ち,wipe,progress_pct,25.0,0,3,0.0
ち,wipe,progress_pct,100.0,6,6,1.0
ぢ,blur,progress_pct,26.0,0,1,0.0
ぢ,blur,progress_pct,38.0,2,3,0.6667
ぢ,blur,progress_pct,48.0,1,1,1.0
ぢ,blur,progress_pct,56.0,2,3,0.6667
ぢ,blur,progress_pct,64.0,1,1,1.0
ぢ,blur,progress_pct,72.0,2,2,1.0
ぢ,blur,progress_pct,84.0,3,3,1.0
ぢ,blur,progress_pct,100.0,1,1,1.0
ぢ,fade,progress_pct,0.4,0,4,0.0
ぢ,fade,progress_pct,0.8,0,5,0.0
ぢ,fade,progress_pct,1.4,2,2,1.0
ぢ,fade,progress_pct,2.2,3,5,0.6
ぢ,fade,progress_pct,3.5,3,3,1.0
ぢ,fade,progress_pct,6.0,4,4,1.0
ぢ,fade,progress_pct,12.0,3,3,1.0
ぢ,fade,progress_pct,100.0,4,4,1.0
ぢ,reveal,progress_pct,0.1,0,2,0.0
ぢ,reveal,progress_pct,0.25,0,2,0.0
ぢ,reveal,progress_pct,0.5,0,1,0.0
ぢ,reveal,progress_pct,1.0,1,3,0.3333
ぢ,reveal,progress_pct,4.0,2,2,1.0
ぢ,reveal,progress_pct,9.0,2,2,1.0
ぢ,wipe,progress_pct,0.5,0,3,0.0
ぢ,wipe,progress_pct,1.0,0,2,0.0
ぢ,wipe,progress_pct,2.0,0,5,0.0
ぢ,wipe,progress_pct,4.0,0,3,0.0
ぢ,wipe,progress_pct,8.0,0,5,0.0
ぢ,wipe,progress_pct,14.0,0,4,0.0
ぢ,wipe,progress_pct,25.0,0,2,0.0
ぢ,wipe,progress_pct,100.0,6,6,1.0
づ,blur,progress_pct,26.0,2,4,0.5
づ,blur,progress_pct,38.0,1,4,0.25
づ,blur,progress_pct,48.0,3,5,0.6
づ,blur,progress_pct,56.0,4,5,0.8
づ,blur,progress_pct,64.0,4,4,1.0
づ,blur,progress_pct,72.0,6,6,1.0
づ,blur,progress_pct,84.0,3,3,1.0
づ,blur,progress_pct,100.0,8,8,1.0
づ,fade,progress_pct,0.4,0,4,0.0
づ,fade,progress_pct,0.8,0,1,0.0
づ,fade,progress_pct,1.4,4,6,0.6667
づ,fade,progress_pct,2.2,1,1,1.0
づ,fade,progress_pct,3.5,2,2,1.0
づ,fade,progress_pct,6.0,5,6,0.8333
づ,fade,progress_pct,100.0,4,4,1.0
づ,reveal,progress_pct,0.1,0,2,0.0
づ,reveal,progress_pct,0.25,0,2,0.0
づ,reveal,progress_pct,0.5,0,2,0.0
づ,reveal,progress_pct,1.0,1,3,0.3333
づ,reveal,progress_pct,2.0,1,2,0.5
づ,reveal,progress_pct,4.0,1,2,0.5
づ,reveal,progress_pct,9.0,2,2,1.0
づ,reveal,progress_pct,100.0,3,3,1.0
づ,wipe,progress_pct,0.5,0,4,0.0
づ,wipe,progress_pct,1.0,0,4,0.0
づ,wipe,progress_pct,2.0,0,3,0.0
づ,wipe,progress_pct,4.0,0,5,0.0
づ,wipe,progress_pct,8.0,0,2,0.0
づ,wipe,progress_pct,14.0,0,5,0.0
づ,wipe,progress_pct,25.0,0,4,0.0
づ,wipe,progress_pct,100.0,3,3,1.0
て,blur,progress_pct,26.0,0,2,0.0
て,blur,progress_pct,38.0,0,3,0.0
て,blur,progress_pct,48.0,4,4,1.0
て,blur,progress_pct,56.0,3,3,1.0
て,blur,progress_pct,64.0,4,4,1.0
て,blur,progress_pct,72.0,1,1,1.0
て,blur,progress_pct,84.0,4,4,1.0
て,blur,progress_pct,100.0,3,3,1.0
て,fade,progress_pct,0.4,0,1,0.0
て,fade,progress_pct,0.8,1,3,0.3333
て,fade,progress_pct,1.4,1,3,0.3333
て,fade,progress_pct,3.5,5,5,1.0
て,fade,progress_pct,6.0,0,1,0.0
て,fade,progress_pct,12.0,3,3,1.0
て,fade,progress_pct,100.0,2,2,1.0
て,reveal,progress_pct,0.1,0,4,0.0
て,reveal,progress_pct,0.25,0,4,0.0
て,reveal,progress_pct,0.5,0,3,0.0
て,reveal,progress_pct,1.0,0,4,0.0
て,reveal,progress_pct,2.0,5,5,1.0
て,reveal,progress_pct,4.0,2,2,1.0
て,reveal,progress_pct,9.0,4,4,1.0
て,reveal,progress_pct,100.0,4,4,1.0
て,wipe,progress_pct,0.5,0,3,0.0
て,wipe,progress_pct,1.0,0,1,0.0
て,wipe,progress_pct,2.0,0,2,0.0
て,wipe,progress_pct,4.0,0,2,0.0
て,wipe,progress_pct,8.0,1,2,0.5
て,wipe,progress_pct,14.0,0,1,0.0
て,wipe,progress_pct,25.0,1,2,0.5
て,wipe,progress_pct,100.0,2,2,1.0
で,blur,progress_pct,26.0,0,1,0.0
で,blur,progress_pct,38.0,0,2,0.0
で,blur,progress_pct,48.0,0,3,0.0
で,blur,progress_pct,56.0,0,1,0.0
で,blur,progress_pct,64.0,3,3,1.0
で,blur,progress_pct,72.0,2,2,1.0
で,blur,progress_pct,84.0,1,1,1.0
で,blur,progress_pct,100.0,5,5,1.0
で,fade,progress_pct,0.4,0,4,0.0
で,fade,progress_pct,0.8,0,2,0.0
で,fade,progress_pct,1.4,1,8,0.125
で,fade,progress_pct,2.2,3,4,0.75
で,fade,progress_pct,3.5,3,3,1.0
で,fade,progress_pct,6.0,6,6,1.0
で,fade,progress_pct,12.0,3,3,1.0
で,fade,progress_pct,100.0,5,6,0.8333
で,reveal,progress_pct,0.1,0,7,0.0
で,reveal,progress_pct,0.25,0,2,0.0
で,reveal,progress_pct,0.5,0,5,0.0
で,reveal,progress_pct,1.0,2,6,0.3333
で,reveal,progress_pct,4.0,5,7,0.7143
で,reveal,progress_pct,9.0,3,4,0.75
で,reveal,progress_pct,100.0,2,2,1.0
で,wipe,progress_pct,0.5,0,2,0.0
で,wipe,progress_pct,1.0,0,3,0.0
で,wipe,progress_pct,2.0,0,5,0.0
で,wipe,progress_pct,4.0,0,2,0.0
で,wipe,progress_pct,8.0,0,4,0.0
で,wipe,progress_pct,14.0,0,4,0.0
で,wipe,progress_pct,25.0,0,3,0.0
で,wipe,progress_pct,100.0,7,7,1.0
と,blur,progress_pct,26.0,0,3,0.0
と,blur,progress_pct,38.0,0,5,0.0
と,blur,progress_pct,48.0,2,3,0.6667
と,blur,progress_pct,56.0,5,5,1.0
と,blur,progress_pct,64.0,3,3,1.0
と,blur,progress_pct,72.0,4,4,1.0
と,blur,progress_pct,84.0,5,5,1.0
と,blur,progress_pct,100.0,2,2,1.0
と,fade,progress_pct,0.4,0,3,0.0
と,fade,progress_pct,0.8,0,2,0.0
と,fade,progress_pct,1.4,1,2,0.5
と,fade,progress_pct,2.2,2,2,1.0
と,fade,progress_pct,3.5,2,2,1.0
と,fade,progress_pct,6.0,2,2,1.0
と,fade,progress_pct,12.0,3,3,1.0
と,fade,progress_pct,100.0,2,2,1.0
と,reveal,progress_pct,0.1,0,2,0.0
と,reveal,progress_pct,0.25,1,1,1.0
と,reveal,progress_pct,0.5,1,2,0.5
と,reveal,progress_pct,1.0,0,1,0.0
と,reveal,progress_pct,2.0,1,1,1.0
と,reveal,progress_pct,4.0,3,3,1.0
と,reveal,progress_pct,100.0,2,2,1.0
と,wipe,progress_pct,0.5,0,3,0.0
と,wipe,progress_pct,2.0,0,3,0.0
と,wipe,progress_pct,4.0,0,1,0.0
と,wipe,progress_pct,14.0,0,3,0.0
と,wipe,progress_pct,25.0,1,1,1.0
と,wipe,progress_pct,100.0,1,1,1.0
ど,blur,progress_pct,26.0,0,3,0.0
ど,blur,progress_pct,38.0,1,2,0.5
ど,blur,progress_pct,48.0,1,2,0.5
ど,blur,progress_pct,56.0,2,3,0.6667
ど,blur,progress_pct,64.0,2,2,1.0
ど,blur,progress_pct,72.0,4,4,1.0
ど,blur,progress_pct,84.0,2,2,1.0
ど,blur,progress_pct,100.0,3,3,1.0
ど,fade,progress_pct,0.4,0,1,0.0
ど,fade,progress_pct,0.8,0,5,0.0
ど,fade,progress_pct,1.4,2,3,0.6667
ど,fade,progress_pct,2.2,0,1,0.0
ど,fade,progress_pct,3.5,4,4,1.0
ど,fade,progress_pct,6.0,3,3,1.0
ど,fade,progress_pct,12.0,2,2,1.0
ど,fade,progress_pct,100.0,5,5,1.0
ど,reveal,progress_pct,0.1,0,4,0.0
ど,reveal,progress_pct,0.25,0,6,0.0
ど,reveal,progress_pct,0.5,1,4,0.25
ど,reveal,progress_pct,1.0,0,7,0.0
ど,reveal,progress_pct,2.0,4,6,0.6667
ど,reveal,progress_pct,4.0,3,5,0.6
ど,reveal,progress_pct,9.0,6,6,1.0
ど,reveal,progress_pct,100.0,4,4,1.0
ど,wipe,progress_pct,0.5,0,3,0.0
ど,wipe,progress_pct,1.0,0,3,0.0
ど,wipe,progress_pct,2.0,0,1,0.0
ど,wipe,progress_pct,4.0,0,4,0.0
ど,wipe,progress_pct,8.0,0,1,0.0
ど,wipe,progress_pct,14.0,0,2,0.0
ど,wipe,progress_pct,25.0,0,4,0.0
な,blur,progress_pct,26.0,0,2,0.0
な,blur,progress_pct,38.0,0,3,0.0
な,blur,progress_pct,48.0,2,3,0.6667
な,blur,progress_pct,56.0,3,3,1.0
な,blur,progress_pct,64.0,1,2,0.5
な,blur,progress_pct,72.0,2,2,1.0
な,blur,progress_pct,84.0,4,4,1.0
な,blur,progress_pct,100.0,2,2,1.0
な,fade,progress_pct,0.4,0,2,0.0
な,fade,progress_pct,0.8,0,2,0.0
な,fade,progress_pct,1.4,2,2,1.0
な,fade,progress_pct,2.2,1,3,0.3333
な,fade,progress_pct,3.5,1,2,0.5
な,fade,progress_pct,6.0,2,2,1.0
な,fade,progress_pct,12.0,2,2,1.0
な,fade,progress_pct,100.0,3,3,1.0
な,reveal,progress_pct,0.1,1,4,0.25
な,reveal,progress_pct,0.5,1,3,0.3333
な,reveal,progress_pct,1.0,1,2,0.5
な,reveal,progress_pct,2.0,1,1,1.0
な,reveal,progress_pct,4.0,3,3,1.0
な,reveal,progress_pct,9.0,1,1,1.0
な,reveal,progress_pct,100.0,2,2,1.0
な,wipe,progress_pct,0.5,0,4,0.0
な,wipe,progress_pct,2.0,0,4,0.0
な,wipe,progress_pct,4.0,1,3,0.3333
な,wipe,progress_pct,8.0,0,3,0.0
な,wipe,progress_pct,14.0,0,2,0.0
な,wipe,progress_pct,25.0,0,2,0.0
な,wipe,progress_pct,100.0,3,3,1.0
に,blur,progress_pct,26.0,0,4,0.0
に,blur,progress_pct,38.0,1,3,0.3333
に,blur,progress_pct,48.0,2,2,1.0
に,blur,progress_pct,56.0,3,3,1.0
に,blur,progress_pct,64.0,4,4,1.0
に,blur,progress_pct,72.0,2,2,1.0
に,blur,progress_pct,84.0,4,4,1.0
に,blur,progress_pct,100.0,2,2,1.0
に,fade,progress_pct,0.4,2,3,0.6667
に,fade,progress_pct,0.8,0,4,0.0
に,fade,progress_pct,1.4,2,4,0.5
に,fade,progress_pct,2.2,4,4,1.0
に,fade,progress_pct,3.5,3,3,1.0
に,fade,progress_pct,6.0,5,5,1.0
に,fade,progress_pct,12.0,3,4,0.75
に,fade,progress_pct,100.0,3,3,1.0
に,reveal,progress_pct,0.1,0,1,0.0
に,reveal,progress_pct,0.25,0,1,0.0
に,reveal,progress_pct,1.0,0,2,0.0
に,reveal,progress_pct,9.0,1,2,0.5
に,wipe,progress_pct,0.5,0,3,0.0
に,wipe,progress_pct,1.0,0,2,0.0
に,wipe,progress_pct,2.0,0,3,0.0
に,wipe,progress_pct,4.0,0,1,0.0
に,wipe,progress_pct,8.0,1,3,0.3333
に,wipe,progress_pct,14.0,1,2,0.5
に,wipe,progress_pct,25.0,0,2,0.0
に,wipe,progress_pct,100.0,2,2,1.0
ぬ,blur,progress_pct,26.0,0,2,0.0
ぬ,blur,progress_pct,38.0,0,4,0.0
ぬ,blur,progress_pct,48.0,3,6,0.5
ぬ,blur,progress_pct,56.0,1,3,0.3333
ぬ,blur,progress_pct,64.0,3,4,0.75
ぬ,blur,progress_pct,72.0,5,5,1.0
ぬ,blur,progress_pct,84.0,2,2,1.0
ぬ,blur,progress_pct,100.0,7,7,1.0
ぬ,fade,progress_pct,0.4,0,2,0.0
ぬ,fade,progress_pct,0.8,1,4,0.25
ぬ,fade,progress_pct,1.4,1,3,0.3333
ぬ,fade,progress_pct,2.2,0,3,0.0
ぬ,fade,progress_pct,3.5,3,3,1.0
ぬ,fade,progress_pct,6.0,2,2,1.0
ぬ,fade,progress_pct,12.0,3,3,1.0
ぬ,fade,progress_pct,100.0,4,4,1.0
ぬ,reveal,progress_pct,0.1,0,2,0.0
ぬ,reveal,progress_pct,0.25,0,2,0.0
ぬ,reveal,progress_pct,0.5,0,5,0.0
ぬ,reveal,progress_pct,1.0,0,1,0.0
ぬ,reveal,progress_pct,2.0,1,3,0.3333
ぬ,reveal,progress_pct,4.0,4,4,1.0
ぬ,reveal,progress_pct,9.0,2,2,1.0
ぬ,reveal,progress_pct,100.0,5,5,1.0
ぬ,wipe,progress_pct,1.0,0,5,0.0
ぬ,wipe,progress_pct,2.0,0,1,0.0
ぬ,wipe,progress_pct,4.0,0,3,0.0
ぬ,wipe,progress_pct,8.0,0,2,0.0
ぬ,wipe,progress_pct,14.0,0,1,0.0
ぬ,wipe,progress_pct,25.0,1,4,0.25
ぬ,wipe,progress_pct,100.0,2,2,1.0
ね,blur,progress_pct,26.0,1,3,0.3333
ね,blur,progress_pct,38.0,0,1,0.0
ね,blur,progress_pct,48.0,0,1,0.0
ね,blur,progress_pct,56.0,1,2,0.5
ね,blur,progress_pct,64.0,1,1,1.0
ね,blur,progress_pct,72.0,2,2,1.0
ね,blur,progress_pct,84.0,2,2,1.0
ね,fade,progress_pct,0.4,0,1,0.0
ね,fade,progress_pct,0.8,1,4,0.25
ね,fade,progress_pct,1.4,1,3,0.3333
ね,fade,progress_pct,2.2,3,3,1.0
ね,fade,progress_pct,3.5,2,2,1.0
ね,fade,progress_pct,6.0,4,4,1.0
ね,fade,progress_pct,12.0,3,3,1.0
ね,fade,progress_pct,100.0,4,4,1.0
ね,reveal,progress_pct,0.1,0,4,0.0
ね,reveal,progress_pct,0.25,0,2,0.0
ね,reveal,progress_pct,0.5,0,6,0.0
ね,reveal,progress_pct,1.0,2,3,0.6667
ね,reveal,progress_pct,2.0,0,3,0.0
ね,reveal,progress_pct,4.0,4,4,1.0
ね,reveal,progress_pct,9.0,4,4,1.0
ね,reveal,progress_pct,100.0,4,4,1.0
ね,wipe,progress_pct,0.5,0,4,0.0
ね,wipe,progress_pct,1.0,0,5,0.0
ね,wipe,progress_pct,2.0,0,5,0.0
ね,wipe,progress_pct,4.0,0,2,0.0
ね,wipe,progress_pct,8.0,0,6,0.0
ね,wipe,progress_pct,14.0,0,5,0.0
ね,wipe,progress_pct,25.0,0,5,0.0
ね,wipe,progress_pct,100.0,4,4,1.0
の,blur,progress_pct,26.0,0,1,0.0
の,blur,progress_pct,38.0,1,5,0.2
の,blur,progress_pct,48.0,2,2,1.0
の,blur,progress_pct,56.0,3,3,1.0
の,blur,progress_pct,64.0,3,3,1.0
の,blur,progress_pct,72.0,3,3,1.0
の,blur,progress_pct,84.0,5,5,1.0
の,blur,progress_pct,100.0,3,3,1.0
の,fade,progress_pct,0.4,0,4,0.0
の,fade,progress_pct,0.8,3,4,0.75
の,fade,progress_pct,1.4,1,1,1.0
の,fade,progress_pct,2.2,4,5,0.8
の,fade,progress_pct,3.5,4,4,1.0
の,fade,progress_pct,6.0,3,3,1.0
の,fade,progress_pct,12.0,3,3,1.0
の,fade,progress_pct,100.0,3,3,1.0
の,reveal,progress_pct,0.1,0,2,0.0
の,reveal,progress_pct,0.25,0,2,0.0
の,reveal,progress_pct,0.5,0,2,0.0
の,reveal,progress_pct,1.0,0,1,0.0
の,reveal,progress_pct,2.0,3,3,1.0
の,reveal,progress_pct,4.0,1,1,1.0
の,reveal,progress_pct,9.0,2,2,1.0
の,reveal,progress_pct,100.0,2,2,1.0
の,wipe,progress_pct,0.5,0,2,0.0
の,wipe,progress_pct,1.0,0,2,0.0
の,wipe,progress_pct,4.0,2,3,0.6667
の,wipe,progress_pct,8.0,0,1,0.0
の,wipe,progress_pct,14.0,2,2,1.0
の,wipe,progress_pct,25.0,1,1,1.0
の,wipe,progress_pct,100.0,0,1,0.0
は,blur,progress_pct,26.0,1,5,0.2
は,blur,progress_pct,38.0,2,6,0.3333
は,blur,progress_pct,48.0,2,3,0.6667
は,blur,progress_pct,56.0,4,6,0.6667
は,blur,progress_pct,64.0,3,3,1.0
は,blur,progress_pct,72.0,4,4,1.0
は,blur,progress_pct,84.0,6,6,1.0
は,blur,progress_pct,100.0,3,3,1.0
は,fade,progress_pct,0.4,0,1,0.0
は,fade,progress_pct,0.8,1,4,0.25
は,fade,progress_pct,1.4,1,2,0.5
は,fade,progress_pct,2.2,0,1,0.0
は,fade,progress_pct,3.5,2,3,0.6667
は,fade,progress_pct,6.0,2,2,1.0
は,fade,progress_pct,12.0,2,2,1.0
は,fade,progress_pct,100.0,3,3,1.0
は,reveal,progress_pct,0.1,0,5,0.0
は,reveal,progress_pct,0.25,0,3,0.0
は,reveal,progress_pct,0.5,0,3,0.0
は,reveal,progress_pct,1.0,0,4,0.0
は,reveal,progress_pct,2.0,1,2,0.5
は,reveal,progress_pct,4.0,3,4,0.75
は,reveal,progress_pct,9.0,3,4,0.75
は,reveal,progress_pct,100.0,2,2,1.0
は,wipe,progress_pct,0.5,0,2,0.0
は,wipe,progress_pct,1.0,1,3,0.3333
は,wipe,progress_pct,2.0,0,2,0.0
は,wipe,progress_pct,4.0,2,3,0.6667
は,wipe,progress_pct,8.0,1,2,0.5
は,wipe,progress_pct,14.0,2,2,1.0
は,wipe,progress_pct,25.0,1,2,0.5
は,wipe,progress_pct,100.0,2,2,1.0
ば,blur,progress_pct,26.0,1,3,0.3333
ば,blur,progress_pct,38.0,0,5,0.0
ば,blur,progress_pct,48.0,3,5,0.6
ば,blur,progress_pct,56.0,0,3,0.0
ば,blur,progress_pct,64.0,1,5,0.2
ば,blur,progress_pct,72.0,2,3,0.6667
ば,blur,progress_pct,84.0,2,3,0.6667
ば,blur,progress_pct,100.0,6,6,1.0
ば,fade,progress_pct,0.4,0,2,0.0
ば,fade,progress_pct,0.8,0,4,0.0
ば,fade,progress_pct,1.4,0,4,0.0
ば,fade,progress_pct,2.2,2,2,1.0
ば,fade,progress_pct,3.5,1,3,0.3333
ば,fade,progress_pct,6.0,3,3,1.0
ば,fade,progress_pct,12.0,2,2,1.0
ば,fade,progress_pct,100.0,3,4,0.75
ば,reveal,progress_pct,0.1,0,4,0.0
ば,reveal,progress_pct,0.25,0,6,0.0
ば,reveal,progress_pct,0.5,0,2,0.0
ば,reveal,progress_pct,1.0,1,4,0.25
ば,reveal,progress_pct,2.0,2,4,0.5
ば,reveal,progress_pct,4.0,3,3,1.0
ば,reveal,progress_pct,9.0,3,3,1.0
ば,reveal,progress_pct,100.0,4,4,1.0
ば,wipe,progress_pct,0.5,0,6,0.0
ば,wipe,progress_pct,1.0,0,3,0.0
ば,wipe,progress_pct,2.0,0,4,0.0
ば,wipe,progress_pct,4.0,0,7,0.0
ば,wipe,progress_pct,14.0,0,6,0.0
ば,wipe,progress_pct,25.0,0,5,0.0
ば,wipe,progress_pct,100.0,2,2,1.0
ひ,blur,progress_pct,26.0,1,2,0.5
ひ,blur,progress_pct,56.0,2,2,1.0
ひ,blur,progress_pct,72.0,2,2,1.0
ひ,fade,progress_pct,0.4,1,4,0.25
ひ,fade,progress_pct,0.8,0,2,0.0
ひ,fade,progress_pct,1.4,2,4,0.5
ひ,fade,progress_pct,2.2,2,4,0.5
ひ,fade,progress_pct,3.5,3,3,1.0
ひ,fade,progress_pct,6.0,5,5,1.0
ひ,fade,progress_pct,12.0,2,2,1.0
ひ,fade,progress_pct,100.0,3,3,1.0
ひ,reveal,progress_pct,0.1,0,2,0.0
ひ,reveal,progress_pct,0.25,0,4,0.0
ひ,reveal,progress_pct,0.5,0,4,0.0
ひ,reveal,progress_pct,1.0,0,3,0.0
ひ,reveal,progress_pct,2.0,4,7,0.5714
ひ,reveal,progress_pct,4.0,0,2,0.0
ひ,reveal,progress_pct,9.0,3,3,1.0
ひ,reveal,progress_pct,100.0,5,5,1.0
ひ,wipe,progress_pct,0.5,0,2,0.0
ひ,wipe,progress_pct,1.0,0,1,0.0
ひ,wipe,progress_pct,2.0,0,4,0.0
ひ,wipe,progress_pct,8.0,0,2,0.0
ひ,wipe,progress_pct,14.0,2,3,0.6667
ひ,wipe,progress_pct,25.0,1,1,1.0
ひ,wipe,progress_pct,100.0,2,2,1.0
び,blur,progress_pct,38.0,1,4,0.25
び,blur,progress_pct,48.0,0,2,0.0
び,blur,progress_pct,56.0,0,1,0.0
び,blur,progress_pct,64.0,1,3,0.3333
び,blur,progress_pct,72.0,2,2,1.0
び,blur,progress_pct,84.0,1,1,1.0
び,blur,progress_pct,100.0,5,5,1.0
び,fade,progress_pct,0.4,0,6,0.0
び,fade,progress_pct,0.8,1,1,1.0
び,fade,progress_pct,1.4,2,2,1.0
び,fade,progress_pct,2.2,2,5,0.4
び,fade,progress_pct,3.5,1,1,1.0
び,fade,progress_pct,6.0,4,4,1.0
び,fade,progress_pct,12.0,4,4,1.0
び,fade,progress_pct,100.0,1,1,1.0
び,reveal,progress_pct,0.1,0,3,0.0
び,reveal,progress_pct,0.25,0,2,0.0
び,reveal,progress_pct,0.5,0,3,0.0
び,reveal,progress_pct,1.0,0,3,0.0
び,reveal,progress_pct,2.0,1,3,0.3333
び,reveal,progress_pct,4.0,0,4,0.0
び,reveal,progress_pct,9.0,2,2,1.0
び,reveal,progress_pct,100.0,4,4,1.0
び,wipe,progress_pct,0.5,0,4,0.0
び,wipe,progress_pct,1.0,0,3,0.0
び,wipe,progress_pct,2.0,0,1,0.0
び,wipe,progress_pct,4.0,0,4,0.0
び,wipe,progress_pct,8.0,0,2,0.0
び,wipe,progress_pct,14.0,0,3,0.0
び,wipe,progress_pct,25.0,0,4,0.0
ぴ,blur,progress_pct,26.0,1,4,0.25
ぴ,blur,progress_pct,38.0,0,1,0.0
ぴ,blur,progress_pct,48.0,2,3,0.6667
ぴ,blur,progress_pct,56.0,1,3,0.3333
ぴ,blur,progress_pct,64.0,0,2,0.0
ぴ,blur,progress_pct,72.0,2,4,0.5
ぴ,blur,progress_pct,84.0,2,2,1.0
ぴ,blur,progress_pct,100.0,2,2,1.0
ぴ,fade,progress_pct,0.4,1,5,0.2
ぴ,fade,progress_pct,0.8,0,2,0.0
ぴ,fade,progress_pct,1.4,1,4,0.25
ぴ,fade,progress_pct,2.2,3,4,0.75
ぴ,fade,progress_pct,3.5,3,3,1.0
ぴ,fade,progress_pct,6.0,3,3,1.0
ぴ,fade,progress_pct,12.0,3,3,1.0
ぴ,fade,progress_pct,100.0,3,3,1.0
ぴ,reveal,progress_pct,0.1,0,1,0.0
ぴ,reveal,progress_pct,0.25,0,1,0.0
ぴ,reveal,progress_pct,0.5,0,1,0.0
ぴ,reveal,progress_pct,2.0,1,1,1.0
ぴ,reveal,progress_pct,4.0,1,1,1.0
ぴ,reveal,progress_pct,100.0,1,1,1.0
ぴ,wipe,progress_pct,0.5,0,2,0.0
ぴ,wipe,progress_pct,1.0,0,5,0.0
ぴ,wipe,progress_pct,4.0,0,4,0.0
ぴ,wipe,progress_pct,8.0,0,4,0.0
ぴ,wipe,progress_pct,14.0,0,1,0.0
ぴ,wipe,progress_pct,25.0,0,6,0.0
ふ,blur,progress_pct,26.0,2,5,0.4
ふ,blur,progress_pct,38.0,0,2,0.0
ふ,blur,progress_pct,48.0,1,3,0.3333
ふ,blur,progress_pct,56.0,4,5,0.8
ふ,blur,progress_pct,64.0,2,2,1.0
ふ,blur,progress_pct,72.0,5,5,1.0
ふ,blur,progress_pct,84.0,3,3,1.0
ふ,blur,progress_pct,100.0,1,2,0.5
ふ,fade,progress_pct,0.4,0,3,0.0
ふ,fade,progress_pct,0.8,0,3,0.0
ふ,fade,progress_pct,1.4,1,4,0.25
ふ,fade,progress_pct,2.2,1,2,0.5
ふ,fade,progress_pct,3.5,4,4,1.0
ふ,fade,progress_pct,6.0,2,3,0.6667
ふ,fade,progress_pct,12.0,3,3,1.0
ふ,fade,progress_pct,100.0,5,5,1.0
ふ,reveal,progress_pct,0.1,0,2,0.0
ふ,reveal,progress_pct,0.25,1,3,0.3333
ふ,reveal,progress_pct,0.5,0,3,0.0
ふ,reveal,progress_pct,2.0,3,4,0.75
ふ,reveal,progress_pct,4.0,2,2,1.0
ふ,reveal,progress_pct,9.0,2,2,1.0
ふ,reveal,progress_pct,100.0,2,2,1.0
ふ,wipe,progress_pct,0.5,0,2,0.0
ふ,wipe,progress_pct,1.0,1,5,0.2
ふ,wipe,progress_pct,2.0,0,3,0.0
ふ,wipe,progress_pct,4.0,1,4,0.25
ふ,wipe,progress_pct,8.0,0,6,0.0
ふ,wipe,progress_pct,14.0,0,2,0.0
ふ,wipe,progress_pct,25.0,0,2,0.0
ふ,wipe,progress_pct,100.0,6,6,1.0
ぶ,blur,progress_pct,26.0,1,2,0.5
ぶ,blur,progress_pct,38.0,0,3,0.0
ぶ,blur,progress_pct,48.0,2,6,0.3333
ぶ,blur,progress_pct,56.0,1,3,0.3333
ぶ,blur,progress_pct,64.0,4,5,0.8
ぶ,blur,progress_pct,72.0,3,3,1.0
ぶ,blur,progress_pct,84.0,3,5,0.6
ぶ,blur,progress_pct,100.0,6,6,1.0
ぶ,fade,progress_pct,0.4,0,3,0.0
ぶ,fade,progress_pct,0.8,0,2,0.0
ぶ,fade,progress_pct,1.4,1,1,1.0
ぶ,fade,progress_pct,2.2,3,4,0.75
ぶ,fade,progress_pct,3.5,2,2,1.0
ぶ,fade,progress_pct,6.0,3,3,1.0
ぶ,fade,progress_pct,12.0,1,1,1.0
ぶ,fade,progress_pct,100.0,2,2,1.0
ぶ,reveal,progress_pct,0.1,0,5,0.0
ぶ,reveal,progress_pct,0.25,0,4,0.0
ぶ,reveal,progress_pct,0.5,0,3,0.0
ぶ,reveal,progress_pct,1.0,0,6,0.0
ぶ,reveal,progress_pct,2.0,0,4,0.0
ぶ,reveal,progress_pct,4.0,3,4,0.75
ぶ,reveal,progress_pct,9.0,4,5,0.8
ぶ,reveal,progress_pct,100.0,5,5,1.0
ぶ,wipe,progress_pct,0.5,0,2,0.0
ぶ,wipe,progress_pct,1.0,0,3,0.0
ぶ,wipe,progress_pct,2.0,0,4,0.0
ぶ,wipe,progress_pct,4.0,0,1,0.0
ぶ,wipe,progress_pct,8.0,0,4,0.0
ぶ,wipe,progress_pct,14.0,0,4,0.0
ぶ,wipe,progress_pct,25.0,0,3,0.0
ぶ,wipe,progress_pct,100.0,3,3,1.0
ぷ,blur,progress_pct,26.0,0,5,0.0
ぷ,blur,progress_pct,38.0,1,1,1.0
ぷ,blur,progress_pct,48.0,1,6,0.1667
ぷ,blur,progress_pct,56.0,1,1,1.0
ぷ,blur,progress_pct,64.0,1,1,1.0
ぷ,blur,progress_pct,72.0,4,7,0.5714
ぷ,blur,progress_pct,100.0,3,3,1.0
ぷ,fade,progress_pct,0.4,0,1,0.0
ぷ,fade,progress_pct,0.8,0,3,0.0
ぷ,fade,progress_pct,1.4,0,1,0.0
ぷ,fade,progress_pct,2.2,2,2,1.0
ぷ,fade,progress_pct,3.5,2,2,1.0
ぷ,fade,progress_pct,6.0,1,1,1.0
ぷ,fade,progress_pct,12.0,2,2,1.0
ぷ,fade,progress_pct,100.0,3,3,1.0
ぷ,reveal,progress_pct,0.1,0,2,0.0
ぷ,reveal,progress_pct,0.25,0,2,0.0
ぷ,reveal,progress_pct,0.5,0,5,0.0
ぷ,reveal,progress_pct,1.0,0,1,0.0
ぷ,reveal,progress_pct,2.0,3,4,0.75
ぷ,reveal,progress_pct,4.0,2,3,0.6667
ぷ,reveal,progress_pct,9.0,2,2,1.0
ぷ,reveal,progress_pct,100.0,5,5,1.0
ぷ,wipe,progress_pct,0.5,0,2,0.0
ぷ,wipe,progress_pct,1.0,0,3,0.0
ぷ,wipe,progress_pct,2.0,0,4,0.0
ぷ,wipe,progress_pct,4.0,1,2,0.5
ぷ,wipe,progress_pct,8.0,0,4,0.0
ぷ,wipe,progress_pct,14.0,1,3,0.3333
ぷ,wipe,progress_pct,25.0,0,2,0.0
ぷ,wipe,progress_pct,100.0,4,4,1.0
へ,blur,progress_pct,26.0,1,2,0.5
へ,blur,progress_pct,38.0,5,5,1.0
へ,blur,progress_pct,48.0,2,3,0.6667
へ,blur,progress_pct,56.0,3,3,1.0
へ,blur,progress_pct,64.0,6,6,1.0
へ,blur,progress_pct,72.0,2,2,1.0
へ,blur,progress_pct,84.0,4,4,1.0
へ,blur,progress_pct,100.0,5,5,1.0
へ,fade,progress_pct,0.4,0,2,0.0
へ,fade,progress_pct,0.8,1,6,0.1667
へ,fade,progress_pct,1.4,1,1,1.0
へ,fade,progress_pct,2.2,4,4,1.0
へ,fade,progress_pct,3.5,3,4,0.75
へ,fade,progress_pct,6.0,2,2,1.0
へ,fade,progress_pct,12.0,4,4,1.0
へ,fade,progress_pct,100.0,4,4,1.0
へ,reveal,progress_pct,0.1,0,2,0.0
へ,reveal,progress_pct,0.25,1,3,0.3333
へ,reveal,progress_pct,0.5,1,3,0.3333
へ,reveal,progress_pct,1.0,3,5,0.6
へ,reveal,progress_pct,2.0,1,1,1.0
へ,reveal,progress_pct,4.0,3,3,1.0
へ,reveal,progress_pct,9.0,4,4,1.0
へ,reveal,progress_pct,100.0,3,3,1.0
へ,wipe,progress_pct,0.5,0,1,0.0
へ,wipe,progress_pct,1.0,0,5,0.0
へ,wipe,progress_pct,2.0,0,2,0.0
へ,wipe,progress_pct,4.0,0,1,0.0
へ,wipe,progress_pct,8.0,2,5,0.4
へ,wipe,progress_pct,14.0,0,1,0.0
へ,wipe,progress_pct,25.0,1,3,0.3333
へ,wipe,progress_pct,100.0,3,3,1.0
べ,blur,progress_pct,26.0,0,2,0.0
べ,blur,progress_pct,38.0,1,2,0.5
べ,blur,progress_pct,48.0,1,5,0.2
べ,blur,progress_pct,56.0,1,1,1.0
べ,blur,progress_pct,64.0,2,2,1.0
べ,blur,progress_pct,72.0,2,4,0.5
べ,blur,progress_pct,84.0,2,2,1.0
べ,blur,progress_pct,100.0,3,3,1.0
べ,fade,progress_pct,0.4,0,5,0.0
べ,fade,progress_pct,0.8,0,1,0.0
べ,fade,progress_pct,1.4,2,3,0.6667
べ,fade,progress_pct,2.2,3,3,1.0
べ,fade,progress_pct,3.5,1,2,0.5
べ,fade,progress_pct,6.0,1,2,0.5
べ,fade,progress_pct,12.0,3,3,1.0
べ,fade,progress_pct,100.0,2,2,1.0
べ,reveal,progress_pct,0.1,0,5,0.0
べ,reveal,progress_pct,0.25,0,3,0.0
べ,reveal,progress_pct,0.5,0,5,0.0
べ,reveal,progress_pct,1.0,0,4,0.0
べ,reveal,progress_pct,2.0,2,3,0.6667
べ,reveal,progress_pct,4.0,4,6,0.6667
べ,reveal,progress_pct,9.0,3,3,1.0
べ,reveal,progress_pct,100.0,4,4,1.0
べ,wipe,progress_pct,0.5,0,5,0.0
べ,wipe,progress_pct,1.0,0,1,0.0
べ,wipe,progress_pct,2.0,0,4,0.0
べ,wipe,progress_pct,4.0,0,4,0.0
べ,wipe,progress_pct,8.0,0,2,0.0
べ,wipe,progress_pct,14.0,0,4,0.0
べ,wipe,progress_pct,25.0,0,2,0.0
べ,wipe,progress_pct,100.0,2,2,1.0
ぺ,blur,progress_pct,26.0,1,1,1.0
ぺ,blur,progress_pct,38.0,2,4,0.5
ぺ,blur,progress_pct,48.0,1,1,1.0
ぺ,blur,progress_pct,64.0,2,4,0.5
ぺ,blur,progress_pct,72.0,1,1,1.0
ぺ,blur,progress_pct,84.0,4,4,1.0
ぺ,fade,progress_pct,0.4,0,3,0.0
ぺ,fade,progress_pct,0.8,1,7,0.1429
ぺ,fade,progress_pct,1.4,0,3,0.0
ぺ,fade,progress_pct,2.2,3,5,0.6
ぺ,fade,progress_pct,3.5,5,6,0.8333
ぺ,fade,progress_pct,6.0,3,3,1.0
ぺ,fade,progress_pct,12.0,5,6,0.8333
ぺ,fade,progress_pct,100.0,6,6,1.0
ぺ,reveal,progress_pct,0.1,0,3,0.0
ぺ,reveal,progress_pct,0.25,0,6,0.0
ぺ,reveal,progress_pct,0.5,0,5,0.0
ぺ,reveal,progress_pct,1.0,0,2,0.0
ぺ,reveal,progress_pct,2.0,1,6,0.1667
ぺ,reveal,progress_pct,4.0,5,5,1.0
ぺ,reveal,progress_pct,9.0,3,3,1.0
ぺ,reveal,progress_pct,100.0,6,6,1.0
ぺ,wipe,progress_pct,0.5,0,6,0.0
ぺ,wipe,progress_pct,1.0,0,1,0.0
ぺ,wipe,progress_pct,2.0,0,3,0.0
ぺ,wipe,progress_pct,4.0,0,4,0.0
ぺ,wipe,progress_pct,8.0,0,2,0.0
ぺ,wipe,progress_pct,14.0,1,4,0.25
ぺ,wipe,progress_pct,25.0,0,3,0.0
ぺ,wipe,progress_pct,100.0,1,1,1.0
ほ,blur,progress_pct,26.0,2,3,0.6667
ほ,blur,progress_pct,38.0,0,1,0.0
ほ,blur,progress_pct,48.0,1,3,0.3333
ほ,blur,progress_pct,56.0,1,2,0.5
ほ,blur,progress_pct,64.0,0,1,0.0
ほ,blur,progress_pct,72.0,4,4,1.0
ほ,blur,progress_pct,84.0,2,2,1.0
ほ,blur,progress_pct,100.0,2,2,1.0
ほ,fade,progress_pct,0.4,0,6,0.0
ほ,fade,progress_pct,0.8,0,3,0.0
ほ,fade,progress_pct,1.4,2,7,0.2857
ほ,fade,progress_pct,2.2,1,4,0.25
ほ,fade,progress_pct,3.5,1,2,0.5
ほ,fade,progress_pct,6.0,8,8,1.0
ほ,fade,progress_pct,12.0,5,5,1.0
ほ,fade,progress_pct,100.0,4,4,1.0
ほ,reveal,progress_pct,0.25,0,5,0.0
ほ,reveal,progress_pct,0.5,0,1,0.0
ほ,reveal,progress_pct,1.0,0,2,0.0
ほ,reveal,progress_pct,2.0,1,4,0.25
ほ,reveal,progress_pct,9.0,4,4,1.0
ほ,reveal,progress_pct,100.0,2,2,1.0
ほ,wipe,progress_pct,0.5,0,4,0.0
ほ,wipe,progress_pct,1.0,0,2,0.0
ほ,wipe,progress_pct,2.0,0,5,0.0
ほ,wipe,progress_pct,4.0,0,4,0.0
ほ,wipe,progress_pct,8.0,1,3,0.3333
ほ,wipe,progress_pct,14.0,0,3,0.0
ほ,wipe,progress_pct,25.0,0,5,0.0
ほ,wipe,progress_pct,100.0,4,4,1.0
ぼ,blur,progress_pct,26.0,1,3,0.3333
ぼ,blur,progress_pct,38.0,1,4,0.25
ぼ,blur,progress_pct,48.0,1,3,0.3333
ぼ,blur,progress_pct,56.0,1,4,0.25
ぼ,blur,progress_pct,64.0,1,2,0.5
ぼ,blur,progress_pct,72.0,3,5,0.6
ぼ,blur,progress_pct,84.0,2,2,1.0
ぼ,blur,progress_pct,100.0,4,4,1.0
ぼ,fade,progress_pct,0.4,1,1,1.0
ぼ,fade,progress_pct,0.8,0,3,0.0
ぼ,fade,progress_pct,1.4,1,3,0.3333
ぼ,fade,progress_pct,2.2,0,1,0.0
ぼ,fade,progress_pct,3.5,4,5,0.8
ぼ,fade,progress_pct,6.0,1,1,1.0
ぼ,fade,progress_pct,12.0,3,4,0.75
ぼ,fade,progress_pct,100.0,3,3,1.0
ぼ,reveal,progress_pct,0.1,0,4,0.0
ぼ,reveal,progress_pct,0.25,0,5,0.0
ぼ,reveal,progress_pct,1.0,3,6,0.5
ぼ,reveal,progress_pct,2.0,0,3,0.0
ぼ,reveal,progress_pct,4.0,0,2,0.0
ぼ,reveal,progress_pct,9.0,6,6,1.0
ぼ,reveal,progress_pct,100.0,1,1,1.0
ぼ,wipe,progress_pct,0.5,0,5,0.0
ぼ,wipe,progress_pct,1.0,0,1,0.0
ぼ,wipe,progress_pct,2.0,0,4,0.0
ぼ,wipe,progress_pct,4.0,0,4,0.0
ぼ,wipe,progress_pct,8.0,0,3,0.0
ぼ,wipe,progress_pct,14.0,0,3,0.0
ぼ,wipe,progress_pct,25.0,0,4,0.0
ぼ,wipe,progress_pct,100.0,2,3,0.6667
ぽ,blur,progress_pct,26.0,1,3,0.3333
ぽ,blur,progress_pct,38.0,0,4,0.0
ぽ,blur,progress_pct,48.0,0,2,0.0
ぽ,blur,progress_pct,56.0,2,4,0.5
ぽ,blur,progress_pct,64.0,0,4,0.0
ぽ,blur,progress_pct,72.0,0,2,0.0
ぽ,blur,progress_pct,84.0,2,3,0.6667
ぽ,blur,progress_pct,100.0,4,5,0.8
ぽ,fade,progress_pct,0.4,0,6,0.0
ぽ,fade,progress_pct,0.8,0,6,0.0
ぽ,fade,progress_pct,1.4,2,2,1.0
ぽ,fade,progress_pct,2.2,4,7,0.5714
ぽ,fade,progress_pct,3.5,5,5,1.0
ぽ,fade,progress_pct,6.0,2,3,0.6667
ぽ,fade,progress_pct,12.0,8,8,1.0
ぽ,fade,progress_pct,100.0,2,2,1.0
ぽ,reveal,progress_pct,0.1,0,5,0.0
ぽ,reveal,progress_pct,0.25,0,3,0.0
ぽ,reveal,progress_pct,0.5,0,7,0.0
ぽ,reveal,progress_pct,1.0,0,2,0.0
ぽ,reveal,progress_pct,2.0,1,6,0.1667
ぽ,reveal,progress_pct,4.0,2,5,0.4
ぽ,reveal,progress_pct,9.0,3,4,0.75
ぽ,reveal,progress_pct,100.0,3,4,0.75
ぽ,wipe,progress_pct,0.5,0,1,0.0
ぽ,wipe,progress_pct,2.0,0,2,0.0
ぽ,wipe,progress_pct,4.0,0,1,0.0
ぽ,wipe,progress_pct,8.0,0,1,0.0
ぽ,wipe,progress_pct,14.0,0,1,0.0
ぽ,wipe,progress_pct,25.0,0,1,0.0
ぽ,wipe,progress_pct,100.0,2,2,1.0
み,blur,progress_pct,26.0,0,3,0.0
み,blur,progress_pct,38.0,2,4,0.5
み,blur,progress_pct,48.0,1,2,0.5
み,blur,progress_pct,56.0,2,4,0.5
み,blur,progress_pct,64.0,3,3,1.0
み,blur,progress_pct,72.0,1,1,1.0
み,blur,progress_pct,84.0,5,5,1.0
み,blur,progress_pct,100.0,2,2,1.0
み,fade,progress_pct,0.4,0,6,0.0
み,fade,progress_pct,0.8,1,2,0.5
み,fade,progress_pct,1.4,2,5,0.4
み,fade,progress_pct,2.2,5,7,0.7143
み,fade,progress_pct,3.5,3,4,0.75
み,fade,progress_pct,6.0,4,4,1.0
み,fade,progress_pct,12.0,4,4,1.0
み,fade,progress_pct,100.0,4,4,1.0
み,reveal,progress_pct,0.1,0,1,0.0
み,reveal,progress_pct,0.25,0,4,0.0
み,reveal,progress_pct,0.5,0,6,0.0
み,reveal,progress_pct,1.0,0,1,0.0
み,reveal,progress_pct,2.0,3,6,0.5
み,reveal,progress_pct,4.0,2,3,0.6667
み,reveal,progress_pct,9.0,2,2,1.0
み,reveal,progress_pct,100.0,7,7,1.0
み,wipe,progress_pct,0.5,0,1,0.0
み,wipe,progress_pct,1.0,0,3,0.0
み,wipe,progress_pct,2.0,0,4,0.0
み,wipe,progress_pct,4.0,0,1,0.0
み,wipe,progress_pct,8.0,0,4,0.0
み,wipe,progress_pct,14.0,0,2,0.0
み,wipe,progress_pct,25.0,2,2,1.0
み,wipe,progress_pct,100.0,4,4,1.0
む,blur,progress_pct,26.0,1,3,0.3333
む,blur,progress_pct,38.0,0,6,0.0
む,blur,progress_pct,48.0,1,4,0.25
む,blur,progress_pct,56.0,1,3,0.3333
む,blur,progress_pct,64.0,0,4,0.0
む,blur,progress_pct,72.0,3,4,0.75
む,blur,progress_pct,84.0,7,7,1.0
む,blur,progress_pct,100.0,2,2,1.0
む,fade,progress_pct,0.4,0,2,0.0
む,fade,progress_pct,0.8,0,2,0.0
む,fade,progress_pct,1.4,2,2,1.0
む,fade,progress_pct,2.2,1,2,0.5
む,fade,progress_pct,3.5,2,2,1.0
む,fade,progress_pct,6.0,1,2,0.5
む,fade,progress_pct,12.0,1,1,1.0
む,fade,progress_pct,100.0,2,2,1.0
む,reveal,progress_pct,0.1,0,1,0.0
む,reveal,progress_pct,0.25,0,1,0.0
む,reveal,progress_pct,0.5,0,1,0.0
む,reveal,progress_pct,1.0,0,1,0.0
む,reveal,progress_pct,2.0,0,1,0.0
む,reveal,progress_pct,4.0,2,2,1.0
む,reveal,progress_pct,9.0,0,1,0.0
む,reveal,progress_pct,100.0,1,1,1.0
む,wipe,progress_pct,0.5,0,4,0.0
む,wipe,progress_pct,1.0,0,2,0.0
む,wipe,progress_pct,2.0,0,3,0.0
む,wipe,progress_pct,4.0,0,3,0.0
む,wipe,progress_pct,8.0,0,1,0.0
む,wipe,progress_pct,14.0,0,3,0.0
む,wipe,progress_pct,25.0,4,4,1.0
む,wipe,progress_pct,100.0,1,1,1.0
め,blur,progress_pct,26.0,1,2,0.5
め,blur,progress_pct,38.0,2,3,0.6667
め,blur,progress_pct,48.0,1,2,0.5
め,blur,progress_pct,56.0,2,2,1.0
め,blur,progress_pct,64.0,2,2,1.0
め,blur,progress_pct,72.0,2,2,1.0
め,blur,progress_pct,84.0,3,3,1.0
め,blur,progress_pct,100.0,2,2,1.0
め,fade,progress_pct,0.4,0,2,0.0
め,fade,progress_pct,0.8,0,2,0.0
め,fade,progress_pct,2.2,0,2,0.0
め,fade,progress_pct,3.5,2,2,1.0
め,fade,progress_pct,6.0,1,1,1.0
め,fade,progress_pct,12.0,1,1,1.0
め,fade,progress_pct,100.0,2,2,1.0
め,reveal,progress_pct,0.1,0,4,0.0
め,reveal,progress_pct,0.25,1,5,0.2
め,reveal,progress_pct,0.5,0,2,0.0
め,reveal,progress_pct,1.0,0,3,0.0
め,reveal,progress_pct,2.0,3,5,0.6
め,reveal,progress_pct,4.0,3,3,1.0
め,reveal,progress_pct,9.0,3,3,1.0
め,reveal,progress_pct,100.0,5,5,1.0
め,wipe,progress_pct,0.5,0,2,0.0
め,wipe,progress_pct,1.0,0,5,0.0
め,wipe,progress_pct,2.0,0,6,0.0
め,wipe,progress_pct,4.0,1,2,0.5
め,wipe,progress_pct,8.0,1,5,0.2
め,wipe,progress_pct,14.0,0,5,0.0
め,wipe,progress_pct,25.0,1,3,0.3333
め,wipe,progress_pct,100.0,8,8,1.0
も,blur,progress_pct,26.0,0,1,0.0
も,blur,progress_pct,38.0,0,2,0.0
も,blur,progress_pct,48.0,2,3,0.6667
も,blur,progress_pct,56.0,2,2,1.0
も,blur,progress_pct,64.0,4,4,1.0
も,blur,progress_pct,72.0,1,1,1.0
も,blur,progress_pct,84.0,1,1,1.0
も,blur,progress_pct,100.0,4,4,1.0
も,fade,progress_pct,0.4,0,1,0.0
も,fade,progress_pct,0.8,0,7,0.0
も,fade,progress_pct,1.4,1,6,0.1667
も,fade,progress_pct,2.2,3,3,1.0
も,fade,progress_pct,3.5,4,6,0.6667
も,fade,progress_pct,6.0,3,3,1.0
も,fade,progress_pct,12.0,4,4,1.0
も,fade,progress_pct,100.0,8,8,1.0
も,reveal,progress_pct,0.1,0,2,0.0
も,reveal,progress_pct,0.25,0,3,0.0
も,reveal,progress_pct,0.5,1,2,0.5
も,reveal,progress_pct,1.0,0,3,0.0
も,reveal,progress_pct,2.0,2,2,1.0
も,reveal,progress_pct,4.0,4,4,1.0
も,reveal,progress_pct,9.0,1,2,0.5
も,reveal,progress_pct,100.0,3,3,1.0
も,wipe,progress_pct,0.5,0,1,0.0
も,wipe,progress_pct,1.0,0,4,0.0
も,wipe,progress_pct,4.0,0,3,0.0
も,wipe,progress_pct,8.0,0,2,0.0
も,wipe,progress_pct,14.0,0,1,0.0
も,wipe,progress_pct,25.0,3,4,0.75
や,blur,progress_pct,26.0,1,3,0.3333
や,blur,progress_pct,38.0,0,1,0.0
や,blur,progress_pct,48.0,2,3,0.6667
や,blur,progress_pct,56.0,1,1,1.0
や,blur,progress_pct,64.0,1,1,1.0
や,blur,progress_pct,72.0,4,4,1.0
や,blur,progress_pct,100.0,2,2,1.0
や,fade,progress_pct,0.4,0,1,0.0
や,fade,progress_pct,0.8,0,3,0.0
や,fade,progress_pct,1.4,2,3,0.6667
や,fade,progress_pct,3.5,4,4,1.0
や,fade,progress_pct,6.0,2,2,1.0
や,fade,progress_pct,12.0,3,3,1.0
や,fade,progress_pct,100.0,2,2,1.0
や,reveal,progress_pct,0.1,0,1,0.0
や,reveal,progress_pct,0.25,0,1,0.0
や,reveal,progress_pct,1.0,0,2,0.0
や,reveal,progress_pct,9.0,2,2,1.0
や,wipe,progress_pct,0.5,0,2,0.0
や,wipe,progress_pct,1.0,0,3,0.0
や,wipe,progress_pct,2.0,0,5,0.0
や,wipe,progress_pct,4.0,0,3,0.0
や,wipe,progress_pct,8.0,0,3,0.0
や,wipe,progress_pct,14.0,2,3,0.6667
や,wipe,progress_pct,25.0,2,3,0.6667
や,wipe,progress_pct,100.0,5,5,1.0
ゆ,blur,progress_pct,26.0,0,1,0.0
ゆ,blur,progress_pct,48.0,2,2,1.0
ゆ,blur,progress_pct,56.0,0,1,0.0
ゆ,blur,progress_pct,64.0,1,1,1.0
ゆ,blur,progress_pct,72.0,2,2,1.0
ゆ,blur,progress_pct,100.0,2,2,1.0
ゆ,fade,progress_pct,0.4,0,4,0.0
ゆ,fade,progress_pct,0.8,0,1,0.0
ゆ,fade,progress_pct,1.4,2,3,0.6667
ゆ,fade,progress_pct,2.2,4,4,1.0
ゆ,fade,progress_pct,3.5,2,2,1.0
ゆ,fade,progress_pct,6.0,1,2,0.5
ゆ,fade,progress_pct,12.0,3,3,1.0
ゆ,fade,progress_pct,100.0,2,2,1.0
ゆ,reveal,progress_pct,0.25,0,4,0.0
ゆ,reveal,progress_pct,0.5,0,2,0.0
ゆ,reveal,progress_pct,2.0,4,6,0.6667
ゆ,reveal,progress_pct,9.0,2,2,1.0
ゆ,reveal,progress_pct,100.0,4,4,1.0
ゆ,wipe,progress_pct,0.5,0,5,0.0
ゆ,wipe,progress_pct,1.0,0,6,0.0
ゆ,wipe,progress_pct,2.0,0,4,0.0
ゆ,wipe,progress_pct,4.0,0,2,0.0
ゆ,wipe,progress_pct,8.0,0,6,0.0
ゆ,wipe,progress_pct,14.0,0,5,0.0
ゆ,wipe,progress_pct,25.0,2,3,0.6667
ゆ,wipe,progress_pct,100.0,5,5,1.0
よ,blur,progress_pct,26.0,0,2,0.0
よ,blur,progress_pct,38.0,1,3,0.3333
よ,blur,progress_pct,56.0,3,3,1.0
よ,blur,progress_pct,64.0,2,2,1.0
よ,blur,progress_pct,84.0,4,4,1.0
よ,blur,progress_pct,100.0,1,1,1.0
よ,fade,progress_pct,0.4,0,6,0.0
よ,fade,progress_pct,0.8,0,3,0.0
よ,fade,progress_pct,1.4,3,3,1.0
よ,fade,progress_pct,2.2,4,6,0.6667
よ,fade,progress_pct,3.5,2,3,0.6667
よ,fade,progress_pct,6.0,4,4,1.0
よ,fade,progress_pct,12.0,4,4,1.0
よ,fade,progress_pct,100.0,4,4,1.0
よ,reveal,progress_pct,0.1,0,7,0.0
よ,reveal,progress_pct,0.25,2,2,1.0
よ,reveal,progress_pct,0.5,1,5,0.2
よ,reveal,progress_pct,1.0,2,5,0.4
よ,reveal,progress_pct,2.0,4,4,1.0
よ,reveal,progress_pct,4.0,6,7,0.8571
よ,reveal,progress_pct,9.0,2,2,1.0
よ,reveal,progress_pct,100.0,4,4,1.0
よ,wipe,progress_pct,0.5,0,3,0.0
よ,wipe,progress_pct,1.0,0,3,0.0
よ,wipe,progress_pct,2.0,0,3,0.0
よ,wipe,progress_pct,4.0,0,2,0.0
よ,wipe,progress_pct,8.0,0,2,0.0
よ,wipe,progress_pct,14.0,0,3,0.0
よ,wipe,progress_pct,25.0,1,2,0.5
よ,wipe,progress_pct,100.0,3,3,1.0
り,blur,progress_pct,26.0,1,4,0.25
り,blur,progress_pct,38.0,0,2,0.0
り,blur,progress_pct,48.0,2,3,0.6667
り,blur,progress_pct,56.0,2,2,1.0
り,blur,progress_pct,64.0,2,2,1.0
り,blur,progress_pct,72.0,5,5,1.0
り,blur,progress_pct,84.0,1,1,1.0
り,blur,progress_pct,100.0,2,2,1.0
り,fade,progress_pct,0.4,0,4,0.0
り,fade,progress_pct,0.8,0,2,0.0
り,fade,progress_pct,1.4,2,5,0.4
り,fade,progress_pct,2.2,3,4,0.75
り,fade,progress_pct,3.5,1,2,0.5
り,fade,progress_pct,6.0,4,6,0.6667
り,fade,progress_pct,12.0,2,2,1.0
り,fade,progress_pct,100.0,5,5,1.0
り,reveal,progress_pct,0.1,1,2,0.5
り,reveal,progress_pct,0.25,2,3,0.6667
り,reveal,progress_pct,0.5,0,2,0.0
り,reveal,progress_pct,1.0,2,3,0.6667
り,reveal,progress_pct,2.0,3,3,1.0
り,reveal,progress_pct,4.0,1,2,0.5
り,reveal,progress_pct,9.0,4,4,1.0
り,reveal,progress_pct,100.0,2,2,1.0
り,wipe,progress_pct,0.5,0,3,0.0
り,wipe,progress_pct,1.0,2,4,0.5
り,wipe,progress_pct,2.0,1,3,0.3333
り,wipe,progress_pct,4.0,0,3,0.0
り,wipe,progress_pct,8.0,1,4,0.25
り,wipe,progress_pct,14.0,1,3,0.3333
り,wipe,progress_pct,25.0,0,3,0.0
り,wipe,progress_pct,100.0,4,4,1.0
る,blur,progress_pct,26.0,1,1,1.0
る,blur,progress_pct,38.0,1,5,0.2
る,blur,progress_pct,48.0,2,3,0.6667
る,blur,progress_pct,64.0,4,5,0.8
る,blur,progress_pct,72.0,2,2,1.0
る,blur,progress_pct,84.0,2,2,1.0
る,blur,progress_pct,100.0,4,4,1.0
る,fade,progress_pct,0.4,0,2,0.0
る,fade,progress_pct,0.8,1,6,0.1667
る,fade,progress_pct,1.4,1,3,0.3333
る,fade,progress_pct,3.5,6,6,1.0
る,fade,progress_pct,6.0,3,3,1.0
る,fade,progress_pct,12.0,2,2,1.0
る,fade,progress_pct,100.0,5,5,1.0
る,reveal,progress_pct,0.1,0,2,0.0
る,reveal,progress_pct,0.25,0,1,0.0
る,reveal,progress_pct,0.5,0,1,0.0
る,reveal,progress_pct,1.0,0,2,0.0
る,reveal,progress_pct,4.0,1,1,1.0
る,reveal,progress_pct,9.0,2,2,1.0
る,wipe,progress_pct,0.5,0,4,0.0
る,wipe,progress_pct,1.0,0,4,0.0
る,wipe,progress_pct,2.0,1,6,0.1667
る,wipe,progress_pct,4.0,0,4,0.0
る,wipe,progress_pct,8.0,0,5,0.0
る,wipe,progress_pct,14.0,1,5,0.2
る,wipe,progress_pct,25.0,4,4,1.0
る,wipe,progress_pct,100.0,7,7,1.0
れ,blur,progress_pct,26.0,0,2,0.0
れ,blur,progress_pct,38.0,1,2,0.5
れ,blur,progress_pct,48.0,1,3,0.3333
れ,blur,progress_pct,64.0,3,3,1.0
れ,blur,progress_pct,72.0,2,2,1.0
れ,blur,progress_pct,84.0,2,2,1.0
れ,blur,progress_pct,100.0,1,1,1.0
れ,fade,progress_pct,0.4,0,2,0.0
れ,fade,progress_pct,0.8,0,3,0.0
れ,fade,progress_pct,1.4,3,4,0.75
れ,fade,progress_pct,2.2,3,3,1.0
れ,fade,progress_pct,3.5,2,2,1.0
れ,fade,progress_pct,6.0,3,3,1.0
れ,fade,progress_pct,12.0,4,4,1.0
れ,fade,progress_pct,100.0,3,3,1.0
れ,reveal,progress_pct,0.1,0,5,0.0
れ,reveal,progress_pct,0.25,0,3,0.0
れ,reveal,progress_pct,0.5,0,2,0.0
れ,reveal,progress_pct,1.0,1,4,0.25
れ,reveal,progress_pct,2.0,2,2,1.0
れ,reveal,progress_pct,4.0,2,4,0.5
れ,reveal,progress_pct,9.0,3,3,1.0
れ,reveal,progress_pct,100.0,1,1,1.0
れ,wipe,progress_pct,0.5,0,5,0.0
れ,wipe,progress_pct,2.0,0,3,0.0
れ,wipe,progress_pct,4.0,0,4,0.0
れ,wipe,progress_pct,8.0,2,2,1.0
れ,wipe,progress_pct,14.0,1,3,0.3333
れ,wipe,progress_pct,25.0,0,2,0.0
れ,wipe,progress_pct,100.0,2,2,1.0
ろ,blur,progress_pct,26.0,1,5,0.2
ろ,blur,progress_pct,38.0,2,4,0.5
ろ,blur,progress_pct,48.0,0,2,0.0
ろ,blur,progress_pct,56.0,6,7,0.8571
ろ,blur,progress_pct,64.0,1,3,0.3333
ろ,blur,progress_pct,72.0,2,2,1.0
ろ,blur,progress_pct,84.0,7,8,0.875
ろ,blur,progress_pct,100.0,2,2,1.0
ろ,fade,progress_pct,0.4,0,2,0.0
ろ,fade,progress_pct,0.8,0,2,0.0
ろ,fade,progress_pct,1.4,4,5,0.8
ろ,fade,progress_pct,2.2,3,3,1.0
ろ,fade,progress_pct,3.5,2,2,1.0
ろ,fade,progress_pct,6.0,4,4,1.0
ろ,fade,progress_pct,12.0,1,2,0.5
ろ,fade,progress_pct,100.0,4,4,1.0
ろ,reveal,progress_pct,0.25,0,3,0.0
ろ,reveal,progress_pct,1.0,0,1,0.0
ろ,reveal,progress_pct,2.0,2,2,1.0
ろ,reveal,progress_pct,9.0,2,2,1.0
ろ,reveal,progress_pct,100.0,1,1,1.0
ろ,wipe,progress_pct,0.5,0,3,0.0
ろ,wipe,progress_pct,1.0,0,4,0.0
ろ,wipe,progress_pct,2.0,1,4,0.25
ろ,wipe,progress_pct,4.0,0,3,0.0
ろ,wipe,progress_pct,8.0,1,6,0.1667
ろ,wipe,progress_pct,14.0,0,4,0.0
ろ,wipe,progress_pct,25.0,1,4,0.25
ろ,wipe,progress_pct,100.0,5,5,1.0
わ,blur,progress_pct,26.0,1,2,0.5
わ,blur,progress_pct,38.0,1,4,0.25
わ,blur,progress_pct,56.0,2,4,0.5
わ,blur,progress_pct,64.0,2,2,1.0
わ,blur,progress_pct,84.0,5,5,1.0
わ,blur,progress_pct,100.0,1,1,1.0
わ,fade,progress_pct,0.4,0,1,0.0
わ,fade,progress_pct,0.8,0,4,0.0
わ,fade,progress_pct,1.4,1,1,1.0
わ,fade,progress_pct,2.2,0,2,0.0
わ,fade,progress_pct,3.5,3,4,0.75
わ,fade,progress_pct,12.0,4,4,1.0
わ,fade,progress_pct,100.0,2,2,1.0
わ,reveal,progress_pct,0.1,1,4,0.25
わ,reveal,progress_pct,0.25,0,1,0.0
わ,reveal,progress_pct,0.5,0,2,0.0
わ,reveal,progress_pct,1.0,0,3,0.0
わ,reveal,progress_pct,2.0,1,2,0.5
わ,reveal,progress_pct,4.0,3,3,1.0
わ,reveal,progress_pct,9.0,2,2,1.0
わ,reveal,progress_pct,100.0,1,1,1.0
わ,wipe,progress_pct,0.5,1,2,0.5
わ,wipe,progress_pct,1.0,0,5,0.0
わ,wipe,progress_pct,2.0,0,5,0.0
わ,wipe,progress_pct,4.0,0,2,0.0
わ,wipe,progress_pct,8.0,3,6,0.5
わ,wipe,progress_pct,14.0,0,4,0.0
わ,wipe,progress_pct,25.0,0,2,0.0
わ,wipe,progress_pct,100.0,7,7,1.0
を,blur,progress_pct,26.0,1,2,0.5
を,blur,progress_pct,38.0,1,4,0.25
を,blur,progress_pct,48.0,1,1,1.0
を,blur,progress_pct,56.0,1,3,0.3333
を,blur,progress_pct,64.0,4,4,1.0
を,blur,progress_pct,72.0,1,2,0.5
を,blur,progress_pct,84.0,2,2,1.0
を,blur,progress_pct,100.0,3,3,1.0
を,fade,progress_pct,0.4,0,3,0.0
を,fade,progress_pct,0.8,1,3,0.3333
を,fade,progress_pct,1.4,0,1,0.0
を,fade,progress_pct,2.2,2,3,0.6667
を,fade,progress_pct,3.5,4,4,1.0
を,fade,progress_pct,6.0,2,2,1.0
を,fade,progress_pct,12.0,4,4,1.0
を,fade,progress_pct,100.0,1,1,1.0
を,reveal,progress_pct,0.1,0,4,0.0
を,reveal,progress_pct,0.25,1,5,0.2
を,reveal,progress_pct,0.5,1,4,0.25
を,reveal,progress_pct,1.0,2,3,0.6667
を,reveal,progress_pct,2.0,5,8,0.625
を,reveal,progress_pct,4.0,2,2,1.0
を,reveal,progress_pct,9.0,5,5,1.0
を,reveal,progress_pct,100.0,5,5,1.0
を,wipe,progress_pct,0.5,0,5,0.0
を,wipe,progress_pct,1.0,0,6,0.0
を,wipe,progress_pct,2.0,0,2,0.0
を,wipe,progress_pct,4.0,1,7,0.1429
を,wipe,progress_pct,8.0,0,5,0.0
を,wipe,progress_pct,14.0,0,2,0.0
を,wipe,progress_pct,25.0,0,7,0.0
を,wipe,progress_pct,100.0,5,5,1.0
ゔ,blur,progress_pct,26.0,1,2,0.5
ゔ,blur,progress_pct,38.0,0,2,0.0
ゔ,blur,progress_pct,48.0,0,2,0.0
ゔ,blur,progress_pct,56.0,1,1,1.0
ゔ,blur,progress_pct,64.0,1,2,0.5
ゔ,blur,progress_pct,72.0,1,3,0.3333
ゔ,blur,progress_pct,84.0,0,1,0.0
ゔ,blur,progress_pct,100.0,2,2,1.0
ゔ,fade,progress_pct,0.4,0,3,0.0
ゔ,fade,progress_pct,0.8,0,4,0.0
ゔ,fade,progress_pct,1.4,2,2,1.0
ゔ,fade,progress_pct,2.2,2,4,0.5
ゔ,fade,progress_pct,3.5,2,3,0.6667
ゔ,fade,progress_pct,6.0,2,2,1.0
ゔ,fade,progress_pct,12.0,4,5,0.8
ゔ,fade,progress_pct,100.0,4,4,1.0
ゔ,reveal,progress_pct,0.1,0,1,0.0
ゔ,reveal,progress_pct,0.25,0,5,0.0
ゔ,reveal,progress_pct,0.5,0,1,0.0
ゔ,reveal,progress_pct,1.0,0,3,0.0
ゔ,reveal,progress_pct,2.0,0,2,0.0
ゔ,reveal,progress_pct,4.0,0,1,0.0
ゔ,reveal,progress_pct,9.0,4,5,0.8
ゔ,wipe,progress_pct,0.5,0,5,0.0
ゔ,wipe,progress_pct,1.0,0,4,0.0
ゔ,wipe,progress_pct,2.0,0,5,0.0
ゔ,wipe,progress_pct,4.0,0,2,0.0
ゔ,wipe,progress_pct,8.0,0,4,0.0
ゔ,wipe,progress_pct,14.0,0,7,0.0
ゔ,wipe,progress_pct,25.0,0,4,0.0
ゔ,wipe,progress_pct,100.0,2,2,1.0
い,blur,actual_s,26.0,0,1,0.0
い,blur,actual_s,38.0,1,1,1.0
い,blur,actual_s,48.0,2,2,1.0
い,blur,actual_s,56.0,1,1,1.0
い,blur,actual_s,72.0,2,2,1.0
い,blur,actual_s,84.0,1,1,1.0
い,blur,actual_s,100.0,1,1,1.0
い,fade,actual_s,0.4,1,2,0.5
い,fade,actual_s,0.8,0,1,0.0
い,fade,actual_s,2.2,2,2,1.0
い,fade,actual_s,3.5,1,1,1.0
い,fade,actual_s,6.0,2,2,1.0
い,fade,actual_s,12.0,1,1,1.0
い,reveal,actual_s,0.1,1,5,0.2
い,reveal,actual_s,0.3,0,7,0.0
い,reveal,actual_s,0.5,1,3,0.3333
い,reveal,actual_s,1.0,0,5,0.0
い,reveal,actual_s,2.0,5,8,0.625
い,reveal,actual_s,4.0,5,5,1.0
い,reveal,actual_s,9.0,4,4,1.0
い,reveal,actual_s,100.0,5,5,1.0
い,wipe,actual_s,0.5,0,2,0.0
い,wipe,actual_s,1.0,0,3,0.0
い,wipe,actual_s,2.0,0,1,0.0
い,wipe,actual_s,4.0,0,4,0.0
い,wipe,actual_s,14.0,1,1,1.0
い,wipe,actual_s,25.0,2,4,0.5
う,blur,actual_s,26.0,0,1,0.0
う,blur,actual_s,38.0,1,1,1.0
う,blur,actual_s,48.0,1,1,1.0
う,blur,actual_s,56.0,0,1,0.0
う,blur,actual_s,64.0,2,2,1.0
う,blur,actual_s,84.0,1,1,1.0
う,blur,actual_s,100.0,2,2,1.0
う,fade,actual_s,0.4,0,3,0.0
う,fade,actual_s,0.8,0,3,0.0
う,fade,actual_s,1.4,1,2,0.5
う,fade,actual_s,2.2,3,4,0.75
う,fade,actual_s,3.5,1,1,1.0
う,fade,actual_s,6.0,1,2,0.5
う,fade,actual_s,12.0,5,5,1.0
う,fade,actual_s,100.0,1,1,1.0
う,reveal,actual_s,0.1,0,2,0.0
う,reveal,actual_s,0.3,0,3,0.0
う,reveal,actual_s,0.5,1,3,0.3333
う,reveal,actual_s,1.0,0,2,0.0
う,reveal,actual_s,2.0,0,3,0.0
う,reveal,actual_s,4.0,2,3,0.6667
う,reveal,actual_s,9.0,3,3,1.0
う,reveal,actual_s,100.0,4,4,1.0
う,wipe,actual_s,0.5,0,3,0.0
う,wipe,actual_s,1.0,0,6,0.0
う,wipe,actual_s,2.0,0,1,0.0
う,wipe,actual_s,4.0,0,6,0.0
う,wipe,actual_s,8.0,0,4,0.0
う,wipe,actual_s,14.0,0,2,0.0
う,wipe,actual_s,25.0,1,5,0.2
う,wipe,actual_s,100.0,3,3,1.0
え,blur,actual_s,26.0,0,4,0.0
え,blur,actual_s,38.0,1,2,0.5
え,blur,actual_s,48.0,3,8,0.375
え,blur,actual_s,56.0,0,1,0.0
え,blur,actual_s,64.0,2,4,0.5
え,blur,actual_s,72.0,6,6,1.0
え,blur,actual_s,84.0,2,3,0.6667
え,blur,actual_s,100.0,5,5,1.0
え,fade,actual_s,0.4,0,2,0.0
え,fade,actual_s,1.4,1,2,0.5
え,fade,actual_s,2.2,1,2,0.5
え,fade,actual_s,3.5,1,1,1.0
え,fade,actual_s,6.0,2,2,1.0
え,fade,actual_s,12.0,0,1,0.0
え,fade,actual_s,100.0,2,2,1.0
え,reveal,actual_s,0.1,0,5,0.0
え,reveal,actual_s,0.3,1,2,0.5
え,reveal,actual_s,0.5,0,3,0.0
え,reveal,actual_s,1.0,5,6,0.8333
え,reveal,actual_s,2.0,1,1,1.0
え,reveal,actual_s,4.0,5,5,1.0
え,reveal,actual_s,9.0,3,3,1.0
え,reveal,actual_s,100.0,2,2,1.0
え,wipe,actual_s,0.5,0,3,0.0
え,wipe,actual_s,2.0,0,3,0.0
え,wipe,actual_s,4.0,0,2,0.0
え,wipe,actual_s,8.0,0,1,0.0
え,wipe,actual_s,14.0,1,3,0.3333
え,wipe,actual_s,25.0,1,1,1.0
え,wipe,actual_s,100.0,2,2,1.0
お,blur,actual_s,26.0,2,4,0.5
お,blur,actual_s,38.0,1,1,1.0
お,blur,actual_s,48.0,1,2,0.5
お,blur,actual_s,56.0,2,4,0.5
お,blur,actual_s,64.0,3,3,1.0
お,blur,actual_s,72.0,1,1,1.0
お,blur,actual_s,84.0,3,3,1.0
お,blur,actual_s,100.0,3,3,1.0
お,fade,actual_s,0.4,0,1,0.0
お,fade,actual_s,0.8,1,1,1.0
お,fade,actual_s,1.4,0,1,0.0
お,fade,actual_s,2.2,1,1,1.0
お,fade,actual_s,3.5,1,1,1.0
お,fade,actual_s,6.0,1,1,1.0
お,fade,actual_s,12.0,2,2,1.0
お,fade,actual_s,100.0,1,1,1.0
お,reveal,actual_s,0.1,0,5,0.0
お,reveal,actual_s,0.3,0,3,0.0
お,reveal,actual_s,0.5,0,1,0.0
お,reveal,actual_s,1.0,0,6,0.0
お,reveal,actual_s,2.0,1,2,0.5
お,reveal,actual_s,4.0,2,4,0.5
お,reveal,actual_s,9.0,5,5,1.0
お,reveal,actual_s,100.0,1,1,1.0
お,wipe,actual_s,0.5,0,3,0.0
お,wipe,actual_s,1.0,0,2,0.0
お,wipe,actual_s,2.0,1,5,0.2
お,wipe,actual_s,4.0,0,2,0.0
お,wipe,actual_s,8.0,2,2,1.0
お,wipe,actual_s,14.0,3,6,0.5
お,wipe,actual_s,25.0,0,1,0.0
お,wipe,actual_s,100.0,6,6,1.0
き,blur,actual_s,26.0,0,2,0.0
き,blur,actual_s,38.0,0,2,0.0
き,blur,actual_s,48.0,1,2,0.5
き,blur,actual_s,56.0,1,2,0.5
き,blur,actual_s,64.0,0,1,0.0
き,blur,actual_s,72.0,3,3,1.0
き,blur,actual_s,84.0,1,1,1.0
き,blur,actual_s,100.0,2,2,1.0
き,fade,actual_s,0.4,0,2,0.0
き,fade,actual_s,0.8,2,5,0.4
き,fade,actual_s,1.4,1,3,0.3333
き,fade,actual_s,2.2,1,1,1.0
き,fade,actual_s,3.5,7,7,1.0
き,fade,actual_s,6.0,2,2,1.0
き,fade,actual_s,12.0,3,3,1.0
き,fade,actual_s,100.0,4,4,1.0
き,reveal,actual_s,0.1,0,1,0.0
き,reveal,actual_s,0.3,0,1,0.0
き,reveal,actual_s,0.5,0,1,0.0
き,reveal,actual_s,2.0,0,1,0.0
き,reveal,actual_s,4.0,1,1,1.0
き,reveal,actual_s,9.0,1,1,1.0
き,wipe,actual_s,0.5,0,3,0.0
き,wipe,actual_s,1.0,0,4,0.0
き,wipe,actual_s,2.0,0,6,0.0
き,wipe,actual_s,4.0,0,2,0.0
き,wipe,actual_s,8.0,2,5,0.4
き,wipe,actual_s,14.0,0,5,0.0
き,wipe,actual_s,25.0,1,3,0.3333
き,wipe,actual_s,100.0,4,5,0.8
ぎ,blur,actual_s,26.0,1,4,0.25
ぎ,blur,actual_s,38.0,0,6,0.0
ぎ,blur,actual_s,48.0,4,4,1.0
ぎ,blur,actual_s,56.0,3,5,0.6
ぎ,blur,actual_s,64.0,0,3,0.0
ぎ,blur,actual_s,72.0,3,4,0.75
ぎ,blur,actual_s,84.0,5,5,1.0
ぎ,blur,actual_s,100.0,2,2,1.0
ぎ,fade,actual_s,0.4,0,3,0.0
ぎ,fade,actual_s,0.8,0,1,0.0
ぎ,fade,actual_s,1.4,2,5,0.4
ぎ,fade,actual_s,2.2,1,2,0.5
ぎ,fade,actual_s,3.5,2,2,1.0
ぎ,fade,actual_s,6.0,3,3,1.0
ぎ,fade,actual_s,12.0,2,2,1.0
ぎ,fade,actual_s,100.0,3,3,1.0
ぎ,reveal,actual_s,0.1,0,3,0.0
ぎ,reveal,actual_s,0.3,0,3,0.0
ぎ,reveal,actual_s,0.5,0,2,0.0
ぎ,reveal,actual_s,1.0,1,5,0.2
ぎ,reveal,actual_s,2.0,0,1,0.0
ぎ,reveal,actual_s,4.0,0,2,0.0
ぎ,reveal,actual_s,9.0,5,5,1.0
ぎ,reveal,actual_s,100.0,3,3,1.0
ぎ,wipe,actual_s,0.5,0,3,0.0
ぎ,wipe,actual_s,2.0,0,1,0.0
ぎ,wipe,actual_s,4.0,0,2,0.0
ぎ,wipe,actual_s,8.0,0,1,0.0
ぎ,wipe,actual_s,25.0,0,2,0.0
ぎ,wipe,actual_s,100.0,1,1,1.0
く,blur,actual_s,26.0,2,2,1.0
く,blur,actual_s,38.0,2,4,0.5
く,blur,actual_s,48.0,4,4,1.0
く,blur,actual_s,56.0,1,1,1.0
く,blur,actual_s,64.0,5,5,1.0
く,blur,actual_s,72.0,2,2,1.0
く,blur,actual_s,84.0,3,3,1.0
く,blur,actual_s,100.0,3,3,1.0
く,fade,actual_s,0.4,0,3,0.0
く,fade,actual_s,0.8,0,1,0.0
く,fade,actual_s,1.4,2,2,1.0
く,fade,actual_s,2.2,2,3,0.6667
く,fade,actual_s,3.5,1,1,1.0
く,fade,actual_s,6.0,3,3,1.0
く,fade,actual_s,12.0,1,1,1.0
く,fade,actual_s,100.0,1,1,1.0
く,reveal,actual_s,0.1,0,1,0.0
く,reveal,actual_s,0.3,0,4,0.0
く,reveal,actual_s,1.0,2,2,1.0
く,reveal,actual_s,2.0,1,3,0.3333
く,reveal,actual_s,9.0,4,4,1.0
く,reveal,actual_s,100.0,1,1,1.0
く,wipe,actual_s,0.5,0,4,0.0
く,wipe,actual_s,1.0,0,3,0.0
く,wipe,actual_s,2.0,0,2,0.0
く,wipe,actual_s,4.0,0,3,0.0
く,wipe,actual_s,8.0,0,2,0.0
く,wipe,actual_s,14.0,0,3,0.0
く,wipe,actual_s,25.0,2,3,0.6667
く,wipe,actual_s,100.0,1,1,1.0
ぐ,blur,actual_s,26.0,0,2,0.0
ぐ,blur,actual_s,38.0,0,1,0.0
ぐ,blur,actual_s,48.0,0,1,0.0
ぐ,blur,actual_s,56.0,0,3,0.0
ぐ,blur,actual_s,64.0,1,1,1.0
ぐ,blur,actual_s,84.0,3,3,1.0
ぐ,blur,actual_s,100.0,1,1,1.0
ぐ,fade,actual_s,0.4,0,2,0.0
ぐ,fade,actual_s,0.8,1,4,0.25
ぐ,fade,actual_s,1.4,0,5,0.0
ぐ,fade,actual_s,2.2,3,3,1.0
ぐ,fade,actual_s,3.5,3,4,0.75
ぐ,fade,actual_s,6.0,4,4,1.0
ぐ,fade,actual_s,12.0,3,4,0.75
ぐ,fade,actual_s,100.0,4,4,1.0
ぐ,reveal,actual_s,0.1,0,3,0.0
ぐ,reveal,actual_s,0.3,0,1,0.0
ぐ,reveal,actual_s,0.5,0,7,0.0
ぐ,reveal,actual_s,1.0,0,2,0.0
ぐ,reveal,actual_s,2.0,1,3,0.3333
ぐ,reveal,actual_s,4.0,3,4,0.75
ぐ,reveal,actual_s,9.0,2,2,1.0
ぐ,reveal,actual_s,100.0,5,5,1.0
ぐ,wipe,actual_s,0.5,0,1,0.0
ぐ,wipe,actual_s,1.0,0,5,0.0
ぐ,wipe,actual_s,2.0,0,1,0.0
ぐ,wipe,actual_s,4.0,0,3,0.0
ぐ,wipe,actual_s,8.0,0,3,0.0
ぐ,wipe,actual_s,14.0,0,2,0.0
ぐ,wipe,actual_s,25.0,0,4,0.0
ぐ,wipe,actual_s,100.0,2,2,1.0
け,blur,actual_s,26.0,2,5,0.4
け,blur,actual_s,38.0,1,5,0.2
け,blur,actual_s,48.0,1,3,0.3333
け,blur,actual_s,56.0,3,4,0.75
け,blur,actual_s,64.0,5,5,1.0
け,blur,actual_s,72.0,5,5,1.0
け,blur,actual_s,84.0,4,4,1.0
け,blur,actual_s,100.0,2,2,1.0
け,fade,actual_s,1.4,1,4,0.25
け,fade,actual_s,3.5,2,2,1.0
け,fade,actual_s,6.0,2,2,1.0
け,fade,actual_s,100.0,4,4,1.0
け,reveal,actual_s,0.1,0,1,0.0
け,reveal,actual_s,0.3,0,3,0.0
け,reveal,actual_s,0.5,0,4,0.0
け,reveal,actual_s,1.0,0,2,0.0
け,reveal,actual_s,2.0,1,2,0.5
け,reveal,actual_s,4.0,2,3,0.6667
け,reveal,actual_s,9.0,2,3,0.6667
け,reveal,actual_s,100.0,3,3,1.0
け,wipe,actual_s,0.5,0,4,0.0
け,wipe,actual_s,1.0,1,3,0.3333
け,wipe,actual_s,2.0,2,5,0.4
け,wipe,actual_s,4.0,0,4,0.0
け,wipe,actual_s,8.0,1,4,0.25
け,wipe,actual_s,14.0,1,3,0.3333
け,wipe,actual_s,25.0,2,5,0.4
け,wipe,actual_s,100.0,2,3,0.6667
げ,blur,actual_s,26.0,0,2,0.0
げ,blur,actual_s,38.0,0,2,0.0
げ,blur,actual_s,48.0,1,2,0.5
げ,blur,actual_s,56.0,1,1,1.0
げ,blur,actual_s,64.0,2,2,1.0
げ,blur,actual_s,72.0,3,3,1.0
げ,blur,actual_s,84.0,1,1,1.0
げ,blur,actual_s,100.0,2,2,1.0
げ,fade,actual_s,0.4,0,3,0.0
げ,fade,actual_s,0.8,0,3,0.0
げ,fade,actual_s,1.4,0,2,0.0
げ,fade,actual_s,2.2,1,2,0.5
げ,fade,actual_s,3.5,2,4,0.5
げ,fade,actual_s,6.0,1,2,0.5
げ,fade,actual_s,12.0,1,1,1.0
げ,fade,actual_s,100.0,4,4,1.0
げ,reveal,actual_s,0.1,0,4,0.0
げ,reveal,actual_s,0.3,0,2,0.0
げ,reveal,actual_s,0.5,0,2,0.0
げ,reveal,actual_s,1.0,1,4,0.25
げ,reveal,actual_s,2.0,0,1,0.0
げ,reveal,actual_s,4.0,2,2,1.0
げ,reveal,actual_s,9.0,4,4,1.0
げ,reveal,actual_s,100.0,2,2,1.0
げ,wipe,actual_s,0.5,0,4,0.0
げ,wipe,actual_s,1.0,0,3,0.0
げ,wipe,actual_s,2.0,0,1,0.0
げ,wipe,actual_s,4.0,0,4,0.0
げ,wipe,actual_s,8.0,0,3,0.0
げ,wipe,actual_s,14.0,0,4,0.0
げ,wipe,actual_s,25.0,0,2,0.0
げ,wipe,actual_s,100.0,3,3,1.0
こ,blur,actual_s,26.0,0,4,0.0
こ,blur,actual_s,38.0,1,3,0.3333
こ,blur,actual_s,48.0,4,4,1.0
こ,blur,actual_s,56.0,5,5,1.0
こ,blur,actual_s,64.0,5,5,1.0
こ,blur,actual_s,72.0,3,3,1.0
こ,blur,actual_s,84.0,4,4,1.0
こ,blur,actual_s,100.0,5,5,1.0
こ,fade,actual_s,0.4,0,1,0.0
こ,fade,actual_s,0.8,1,3,0.3333
こ,fade,actual_s,1.4,0,2,0.0
こ,fade,actual_s,2.2,2,2,1.0
こ,fade,actual_s,3.5,4,4,1.0
こ,fade,actual_s,6.0,1,1,1.0
こ,fade,actual_s,12.0,3,3,1.0
こ,fade,actual_s,100.0,2,2,1.0
こ,reveal,actual_s,0.1,0,1,0.0
こ,reveal,actual_s,0.3,0,3,0.0
こ,reveal,actual_s,0.5,0,2,0.0
こ,reveal,actual_s,1.0,0,1,0.0
こ,reveal,actual_s,2.0,2,3,0.6667
こ,reveal,actual_s,4.0,1,1,1.0
こ,reveal,actual_s,9.0,2,2,1.0
こ,reveal,actual_s,100.0,2,2,1.0
こ,wipe,actual_s,0.5,0,2,0.0
こ,wipe,actual_s,1.0,0,1,0.0
こ,wipe,actual_s,2.0,0,2,0.0
こ,wipe,actual_s,4.0,0,1,0.0
こ,wipe,actual_s,8.0,0,2,0.0
こ,wipe,actual_s,14.0,0,1,0.0
こ,wipe,actual_s,25.0,2,2,1.0
こ,wipe,actual_s,100.0,1,1,1.0
ご,blur,actual_s,26.0,1,1,1.0
ご,blur,actual_s,38.0,3,4,0.75
ご,blur,actual_s,48.0,2,2,1.0
ご,blur,actual_s,56.0,3,4,0.75
ご,blur,actual_s,64.0,3,3,1.0
ご,blur,actual_s,72.0,1,1,1.0
ご,blur,actual_s,84.0,4,4,1.0
ご,blur,actual_s,100.0,2,2,1.0
ご,fade,actual_s,0.4,0,4,0.0
ご,fade,actual_s,0.8,0,4,0.0
ご,fade,actual_s,1.4,1,4,0.25
ご,fade,actual_s,2.2,0,2,0.0
ご,fade,actual_s,3.5,3,4,0.75
ご,fade,actual_s,6.0,3,4,0.75
ご,fade,actual_s,12.0,0,1,0.0
ご,fade,actual_s,100.0,4,4,1.0
ご,reveal,actual_s,0.1,0,3,0.0
ご,reveal,actual_s,0.3,0,2,0.0
ご,reveal,actual_s,0.5,0,3,0.0
ご,reveal,actual_s,1.0,0,3,0.0
ご,reveal,actual_s,2.0,0,2,0.0
ご,reveal,actual_s,4.0,2,2,1.0
ご,reveal,actual_s,9.0,3,3,1.0
ご,reveal,actual_s,100.0,3,3,1.0
ご,wipe,actual_s,0.5,0,2,0.0
ご,wipe,actual_s,1.0,0,5,0.0
ご,wipe,actual_s,4.0,0,6,0.0
ご,wipe,actual_s,8.0,0,1,0.0
ご,wipe,actual_s,14.0,0,1,0.0
ご,wipe,actual_s,25.0,0,5,0.0
ご,wipe,actual_s,100.0,1,1,1.0
さ,blur,actual_s,26.0,3,6,0.5
さ,blur,actual_s,38.0,2,4,0.5
さ,blur,actual_s,48.0,0,4,0.0
さ,blur,actual_s,56.0,4,5,0.8
さ,blur,actual_s,64.0,5,6,0.8333
さ,blur,actual_s,72.0,5,5,1.0
さ,blur,actual_s,84.0,4,4,1.0
さ,blur,actual_s,100.0,5,5,1.0
さ,fade,actual_s,0.4,1,4,0.25
さ,fade,actual_s,0.8,1,3,0.3333
さ,fade,actual_s,1.4,1,2,0.5
さ,fade,actual_s,2.2,3,4,0.75
さ,fade,actual_s,3.5,3,3,1.0
さ,fade,actual_s,6.0,3,3,1.0
さ,fade,actual_s,12.0,3,3,1.0
さ,fade,actual_s,100.0,2,2,1.0
さ,reveal,actual_s,0.1,0,3,0.0
さ,reveal,actual_s,0.3,0,4,0.0
さ,reveal,actual_s,0.5,1,4,0.25
さ,reveal,actual_s,1.0,0,2,0.0
さ,reveal,actual_s,2.0,2,3,0.6667
さ,reveal,actual_s,4.0,4,4,1.0
さ,reveal,actual_s,9.0,2,2,1.0
さ,reveal,actual_s,100.0,5,5,1.0
さ,wipe,actual_s,0.5,0,1,0.0
さ,wipe,actual_s,1.0,0,4,0.0
さ,wipe,actual_s,2.0,0,4,0.0
さ,wipe,actual_s,4.0,0,3,0.0
さ,wipe,actual_s,8.0,0,3,0.0
さ,wipe,actual_s,14.0,0,4,0.0
さ,wipe,actual_s,25.0,1,3,0.3333
さ,wipe,actual_s,100.0,5,5,1.0
ざ,blur,actual_s,26.0,1,4,0.25
ざ,blur,actual_s,38.0,0,4,0.0
ざ,blur,actual_s,48.0,1,1,1.0
ざ,blur,actual_s,56.0,0,4,0.0
ざ,blur,actual_s,64.0,2,3,0.6667
ざ,blur,actual_s,72.0,3,3,1.0
ざ,blur,actual_s,84.0,2,2,1.0
ざ,blur,actual_s,100.0,3,3,1.0
ざ,fade,actual_s,0.4,0,3,0.0
ざ,fade,actual_s,1.4,2,4,0.5
ざ,fade,actual_s,2.2,2,2,1.0
ざ,fade,actual_s,3.5,1,2,0.5
ざ,fade,actual_s,6.0,3,3,1.0
ざ,fade,actual_s,12.0,1,1,1.0
ざ,fade,actual_s,100.0,3,3,1.0
ざ,reveal,actual_s,0.1,0,9,0.0
ざ,reveal,actual_s,0.3,0,4,0.0
ざ,reveal,actual_s,0.5,0,7,0.0
ざ,reveal,actual_s,1.0,1,6,0.1667
ざ,reveal,actual_s,2.0,3,9,0.3333
ざ,reveal,actual_s,4.0,3,6,0.5
ざ,reveal,actual_s,9.0,6,6,1.0
ざ,reveal,actual_s,100.0,5,5,1.0
ざ,wipe,actual_s,0.5,0,2,0.0
ざ,wipe,actual_s,1.0,0,2,0.0
ざ,wipe,actual_s,2.0,0,1,0.0
ざ,wipe,actual_s,4.0,0,3,0.0
ざ,wipe,actual_s,14.0,0,1,0.0
ざ,wipe,actual_s,25.0,0,3,0.0
じ,blur,actual_s,26.0,1,3,0.3333
じ,blur,actual_s,38.0,1,3,0.3333
じ,blur,actual_s,48.0,1,3,0.3333
じ,blur,actual_s,56.0,2,3,0.6667
じ,blur,actual_s,64.0,3,4,0.75
じ,blur,actual_s,72.0,3,3,1.0
じ,blur,actual_s,84.0,1,4,0.25
じ,blur,actual_s,100.0,4,4,1.0
じ,fade,actual_s,0.4,0,2,0.0
じ,fade,actual_s,0.8,0,3,0.0
じ,fade,actual_s,1.4,2,2,1.0
じ,fade,actual_s,2.2,2,3,0.6667
じ,fade,actual_s,3.5,4,4,1.0
じ,fade,actual_s,6.0,1,1,1.0
じ,fade,actual_s,12.0,4,4,1.0
じ,fade,actual_s,100.0,2,2,1.0
じ,reveal,actual_s,0.1,0,2,0.0
じ,reveal,actual_s,0.3,0,1,0.0
じ,reveal,actual_s,0.5,0,5,0.0
じ,reveal,actual_s,1.0,0,1,0.0
じ,reveal,actual_s,2.0,4,5,0.8
じ,reveal,actual_s,4.0,1,1,1.0
じ,reveal,actual_s,9.0,1,1,1.0
じ,reveal,actual_s,100.0,5,5,1.0
じ,wipe,actual_s,0.5,0,2,0.0
じ,wipe,actual_s,1.0,0,1,0.0
じ,wipe,actual_s,2.0,0,3,0.0
じ,wipe,actual_s,4.0,0,1,0.0
じ,wipe,actual_s,8.0,0,1,0.0
じ,wipe,actual_s,14.0,0,4,0.0
じ,wipe,actual_s,100.0,3,3,1.0
す,blur,actual_s,26.0,0,3,0.0
す,blur,actual_s,38.0,2,3,0.6667
す,blur,actual_s,48.0,3,3,1.0
す,blur,actual_s,56.0,1,3,0.3333
す,blur,actual_s,64.0,2,3,0.6667
す,blur,actual_s,72.0,3,3,1.0
す,blur,actual_s,84.0,3,3,1.0
す,blur,actual_s,100.0,3,3,1.0
す,fade,actual_s,0.4,0,3,0.0
す,fade,actual_s,0.8,0,1,0.0
す,fade,actual_s,1.4,3,6,0.5
す,fade,actual_s,2.2,1,1,1.0
す,fade,actual_s,3.5,2,2,1.0
す,fade,actual_s,6.0,5,6,0.8333
す,fade,actual_s,100.0,5,5,1.0
す,reveal,actual_s,0.1,0,3,0.0
す,reveal,actual_s,0.3,0,3,0.0
す,reveal,actual_s,0.5,1,1,1.0
す,reveal,actual_s,1.0,1,3,0.3333
す,reveal,actual_s,2.0,3,3,1.0
す,reveal,actual_s,4.0,2,4,0.5
す,reveal,actual_s,100.0,4,4,1.0
す,wipe,actual_s,0.5,0,2,0.0
す,wipe,actual_s,1.0,0,2,0.0
す,wipe,actual_s,2.0,0,3,0.0
す,wipe,actual_s,4.0,0,3,0.0
す,wipe,actual_s,8.0,0,1,0.0
す,wipe,actual_s,14.0,1,3,0.3333
す,wipe,actual_s,25.0,1,2,0.5
す,wipe,actual_s,100.0,2,2,1.0
ず,blur,actual_s,26.0,1,7,0.1429
ず,blur,actual_s,38.0,0,1,0.0
ず,blur,actual_s,48.0,3,6,0.5
ず,blur,actual_s,56.0,2,4,0.5
ず,blur,actual_s,72.0,6,7,0.8571
ず,blur,actual_s,84.0,3,3,1.0
ず,blur,actual_s,100.0,2,2,1.0
ず,fade,actual_s,0.4,0,8,0.0
ず,fade,actual_s,0.8,0,1,0.0
ず,fade,actual_s,1.4,2,3,0.6667
ず,fade,actual_s,2.2,1,7,0.1429
ず,fade,actual_s,3.5,1,1,1.0
ず,fade,actual_s,6.0,5,5,1.0
ず,fade,actual_s,12.0,4,4,1.0
ず,fade,actual_s,100.0,1,1,1.0
ず,reveal,actual_s,0.1,0,2,0.0
ず,reveal,actual_s,0.3,1,3,0.3333
ず,reveal,actual_s,0.5,0,6,0.0
ず,reveal,actual_s,1.0,1,2,0.5
ず,reveal,actual_s,2.0,0,3,0.0
ず,reveal,actual_s,4.0,5,6,0.8333
ず,reveal,actual_s,9.0,3,3,1.0
ず,reveal,actual_s,100.0,5,5,1.0
ず,wipe,actual_s,0.5,0,7,0.0
ず,wipe,actual_s,1.0,0,1,0.0
ず,wipe,actual_s,2.0,0,3,0.0
ず,wipe,actual_s,4.0,0,6,0.0
ず,wipe,actual_s,8.0,0,1,0.0
ず,wipe,actual_s,14.0,0,5,0.0
ず,wipe,actual_s,25.0,0,3,0.0
ず,wipe,actual_s,100.0,1,1,1.0
せ,blur,actual_s,26.0,0,4,0.0
せ,blur,actual_s,38.0,1,5,0.2
せ,blur,actual_s,48.0,4,5,0.8
せ,blur,actual_s,56.0,1,4,0.25
せ,blur,actual_s,64.0,2,4,0.5
せ,blur,actual_s,72.0,4,4,1.0
せ,blur,actual_s,84.0,7,7,1.0
せ,blur,actual_s,100.0,3,3,1.0
せ,fade,actual_s,0.4,0,4,0.0
せ,fade,actual_s,0.8,1,2,0.5
せ,fade,actual_s,1.4,2,2,1.0
せ,fade,actual_s,2.2,4,5,0.8
せ,fade,actual_s,3.5,2,2,1.0
せ,fade,actual_s,6.0,4,4,1.0
せ,fade,actual_s,12.0,3,3,1.0
せ,fade,actual_s,100.0,2,2,1.0
せ,reveal,actual_s,0.1,0,1,0.0
せ,reveal,actual_s,0.3,0,1,0.0
せ,reveal,actual_s,0.5,1,3,0.3333
せ,reveal,actual_s,1.0,0,1,0.0
せ,reveal,actual_s,4.0,2,3,0.6667
せ,reveal,actual_s,9.0,1,1,1.0
せ,reveal,actual_s,100.0,2,2,1.0
せ,wipe,actual_s,0.5,0,4,0.0
せ,wipe,actual_s,1.0,0,2,0.0
せ,wipe,actual_s,2.0,0,1,0.0
せ,wipe,actual_s,4.0,0,3,0.0
せ,wipe,actual_s,8.0,0,2,0.0
せ,wipe,actual_s,14.0,1,1,1.0
せ,wipe,actual_s,25.0,3,5,0.6
ぜ,blur,actual_s,26.0,1,3,0.3333
ぜ,blur,actual_s,38.0,2,2,1.0
ぜ,blur,actual_s,48.0,0,3,0.0
ぜ,blur,actual_s,56.0,2,3,0.6667
ぜ,blur,actual_s,64.0,2,2,1.0
ぜ,blur,actual_s,72.0,1,2,0.5
ぜ,blur,actual_s,84.0,3,3,1.0
ぜ,blur,actual_s,100.0,3,3,1.0
ぜ,fade,actual_s,0.4,0,6,0.0
ぜ,fade,actual_s,0.8,0,4,0.0
ぜ,fade,actual_s,1.4,1,3,0.3333
ぜ,fade,actual_s,2.2,3,5,0.6
ぜ,fade,actual_s,3.5,2,3,0.6667
ぜ,fade,actual_s,6.0,6,6,1.0
ぜ,fade,actual_s,12.0,4,5,0.8
ぜ,fade,actual_s,100.0,1,1,1.0
ぜ,reveal,actual_s,0.1,0,3,0.0
ぜ,reveal,actual_s,0.3,1,3,0.3333
ぜ,reveal,actual_s,0.5,0,3,0.0
ぜ,reveal,actual_s,1.0,0,4,0.0
ぜ,reveal,actual_s,2.0,1,1,1.0
ぜ,reveal,actual_s,4.0,3,3,1.0
ぜ,reveal,actual_s,9.0,2,3,0.6667
ぜ,reveal,actual_s,100.0,1,1,1.0
ぜ,wipe,actual_s,0.5,0,3,0.0
ぜ,wipe,actual_s,1.0,0,5,0.0
ぜ,wipe,actual_s,2.0,0,2,0.0
ぜ,wipe,actual_s,4.0,0,3,0.0
ぜ,wipe,actual_s,8.0,0,5,0.0
ぜ,wipe,actual_s,14.0,0,2,0.0
ぜ,wipe,actual_s,25.0,0,5,0.0
ぜ,wipe,actual_s,100.0,2,2,1.0
そ,blur,actual_s,26.0,0,3,0.0
そ,blur,actual_s,38.0,1,2,0.5
そ,blur,actual_s,48.0,1,1,1.0
そ,blur,actual_s,56.0,0,2,0.0
そ,blur,actual_s,64.0,1,2,0.5
そ,blur,actual_s,72.0,3,3,1.0
そ,blur,actual_s,84.0,1,1,1.0
そ,blur,actual_s,100.0,1,1,1.0
そ,fade,actual_s,0.4,1,2,0.5
そ,fade,actual_s,0.8,1,4,0.25
そ,fade,actual_s,1.4,2,4,0.5
そ,fade,actual_s,2.2,2,3,0.6667
そ,fade,actual_s,3.5,3,3,1.0
そ,fade,actual_s,6.0,3,3,1.0
そ,fade,actual_s,12.0,4,4,1.0
そ,fade,actual_s,100.0,4,4,1.0
そ,reveal,actual_s,0.1,1,5,0.2
そ,reveal,actual_s,0.3,0,3,0.0
そ,reveal,actual_s,0.5,3,4,0.75
そ,reveal,actual_s,1.0,2,5,0.4
そ,reveal,actual_s,2.0,3,3,1.0
そ,reveal,actual_s,4.0,4,5,0.8
そ,reveal,actual_s,9.0,5,5,1.0
そ,reveal,actual_s,100.0,2,3,0.6667
そ,wipe,actual_s,0.5,0,2,0.0
そ,wipe,actual_s,1.0,0,3,0.0
そ,wipe,actual_s,2.0,0,2,0.0
そ,wipe,actual_s,4.0,0,4,0.0
そ,wipe,actual_s,8.0,0,1,0.0
そ,wipe,actual_s,14.0,0,3,0.0
そ,wipe,actual_s,25.0,1,3,0.3333
そ,wipe,actual_s,100.0,3,3,1.0
ぞ,blur,actual_s,26.0,1,5,0.2
ぞ,blur,actual_s,38.0,1,2,0.5
ぞ,blur,actual_s,48.0,0,3,0.0
ぞ,blur,actual_s,56.0,4,5,0.8
ぞ,blur,actual_s,64.0,4,5,0.8
ぞ,blur,actual_s,72.0,3,3,1.0
ぞ,blur,actual_s,84.0,3,3,1.0
ぞ,blur,actual_s,100.0,3,4,0.75
ぞ,fade,actual_s,0.8,0,2,0.0
ぞ,fade,actual_s,3.5,2,2,1.0
ぞ,fade,actual_s,100.0,2,2,1.0
ぞ,reveal,actual_s,0.1,0,4,0.0
ぞ,reveal,actual_s,0.3,0,4,0.0
ぞ,reveal,actual_s,0.5,0,3,0.0
ぞ,reveal,actual_s,1.0,0,3,0.0
ぞ,reveal,actual_s,2.0,2,6,0.3333
ぞ,reveal,actual_s,4.0,1,2,0.5
ぞ,reveal,actual_s,9.0,3,3,1.0
ぞ,reveal,actual_s,100.0,5,5,1.0
ぞ,wipe,actual_s,0.5,0,1,0.0
ぞ,wipe,actual_s,1.0,0,1,0.0
ぞ,wipe,actual_s,2.0,0,1,0.0
ぞ,wipe,actual_s,4.0,0,1,0.0
ぞ,wipe,actual_s,8.0,0,2,0.0
ぞ,wipe,actual_s,14.0,0,1,0.0
ぞ,wipe,actual_s,100.0,2,2,1.0
た,blur,actual_s,26.0,1,4,0.25
た,blur,actual_s,38.0,0,3,0.0
た,blur,actual_s,48.0,2,3,0.6667
た,blur,actual_s,56.0,4,4,1.0
た,blur,actual_s,64.0,3,3,1.0
た,blur,actual_s,72.0,5,5,1.0
た,blur,actual_s,84.0,3,3,1.0
た,blur,actual_s,100.0,2,2,1.0
た,fade,actual_s,0.4,0,5,0.0
た,fade,actual_s,1.4,1,2,0.5
た,fade,actual_s,2.2,2,4,0.5
た,fade,actual_s,6.0,3,3,1.0
た,fade,actual_s,12.0,3,3,1.0
た,fade,actual_s,100.0,1,1,1.0
た,reveal,actual_s,0.1,0,2,0.0
た,reveal,actual_s,0.3,0,2,0.0
た,reveal,actual_s,0.5,0,1,0.0
た,reveal,actual_s,1.0,2,2,1.0
た,reveal,actual_s,2.0,0,1,0.0
た,reveal,actual_s,4.0,1,1,1.0
た,reveal,actual_s,9.0,2,2,1.0
た,reveal,actual_s,100.0,1,1,1.0
た,wipe,actual_s,1.0,0,3,0.0
た,wipe,actual_s,2.0,0,2,0.0
た,wipe,actual_s,4.0,0,1,0.0
た,wipe,actual_s,8.0,1,3,0.3333
た,wipe,actual_s,14.0,0,1,0.0
た,wipe,actual_s,25.0,1,3,0.3333
た,wipe,actual_s,100.0,2,2,1.0
だ,blur,actual_s,26.0,0,4,0.0
だ,blur,actual_s,38.0,0,4,0.0
だ,blur,actual_s,48.0,1,4,0.25
だ,blur,actual_s,56.0,0,3,0.0
だ,blur,actual_s,64.0,4,4,1.0
だ,blur,actual_s,72.0,4,4,1.0
だ,blur,actual_s,84.0,2,2,1.0
だ,blur,actual_s,100.0,5,5,1.0
だ,fade,actual_s,0.4,0,2,0.0
だ,fade,actual_s,0.8,0,2,0.0
だ,fade,actual_s,2.2,1,3,0.3333
だ,fade,actual_s,3.5,1,1,1.0
だ,fade,actual_s,12.0,3,3,1.0
だ,fade,actual_s,100.0,1,1,1.0
だ,reveal,actual_s,0.1,0,5,0.0
だ,reveal,actual_s,0.3,0,1,0.0
だ,reveal,actual_s,0.5,0,3,0.0
だ,reveal,actual_s,1.0,0,3,0.0
だ,reveal,actual_s,4.0,3,3,1.0
だ,reveal,actual_s,9.0,3,3,1.0
だ,wipe,actual_s,0.5,0,3,0.0
だ,wipe,actual_s,1.0,0,2,0.0
だ,wipe,actual_s,2.0,0,6,0.0
だ,wipe,actual_s,4.0,0,3,0.0
だ,wipe,actual_s,8.0,0,3,0.0
だ,wipe,actual_s,14.0,0,4,0.0
だ,wipe,actual_s,25.0,0,2,0.0
だ,wipe,actual_s,100.0,4,4,1.0
ち,blur,actual_s,26.0,0,4,0.0
ち,blur,actual_s,38.0,1,4,0.25
ち,blur,actual_s,48.0,0,5,0.0
ち,blur,actual_s,56.0,2,4,0.5
ち,blur,actual_s,64.0,2,3,0.6667
ち,blur,actual_s,72.0,4,5,0.8
ち,blur,actual_s,84.0,3,3,1.0
ち,blur,actual_s,100.0,5,5,1.0
ち,fade,actual_s,0.4,0,2,0.0
ち,fade,actual_s,0.8,0,7,0.0
ち,fade,actual_s,1.4,1,1,1.0
ち,fade,actual_s,2.2,4,4,1.0
ち,fade,actual_s,3.5,3,4,0.75
ち,fade,actual_s,6.0,1,1,1.0
ち,fade,actual_s,12.0,6,6,1.0
ち,fade,actual_s,100.0,2,2,1.0
ち,reveal,actual_s,0.1,1,4,0.25
ち,reveal,actual_s,0.3,1,5,0.2
ち,reveal,actual_s,0.5,0,1,0.0
ち,reveal,actual_s,1.0,1,4,0.25
ち,reveal,actual_s,2.0,1,5,0.2
ち,reveal,actual_s,4.0,3,4,0.75
ち,reveal,actual_s,9.0,4,4,1.0
ち,reveal,actual_s,100.0,3,3,1.0
ち,wipe,actual_s,0.5,0,3,0.0
ち,wipe,actual_s,1.0,1,4,0.25
ち,wipe,actual_s,2.0,0,3,0.0
ち,wipe,actual_s,4.0,0,3,0.0
ち,wipe,actual_s,8.0,0,7,0.0
ち,wipe,actual_s,14.0,0,1,0.0
ち,wipe,actual_s,25.0,0,3,0.0
ち,wipe,actual_s,100.0,6,6,1.0
ぢ,blur,actual_s,26.0,0,1,0.0
ぢ,blur,actual_s,38.0,2,3,0.6667
ぢ,blur,actual_s,48.0,1,1,1.0
ぢ,blur,actual_s,56.0,2,3,0.6667
ぢ,blur,actual_s,64.0,1,1,1.0
ぢ,blur,actual_s,72.0,2,2,1.0
ぢ,blur,actual_s,84.0,3,3,1.0
ぢ,blur,actual_s,100.0,1,1,1.0
ぢ,fade,actual_s,0.4,0,4,0.0
ぢ,fade,actual_s,0.8,0,5,0.0
ぢ,fade,actual_s,1.4,2,2,1.0
ぢ,fade,actual_s,2.2,3,5,0.6
ぢ,fade,actual_s,3.5,3,3,1.0
ぢ,fade,actual_s,6.0,4,4,1.0
ぢ,fade,actual_s,12.0,3,3,1.0
ぢ,fade,actual_s,100.0,4,4,1.0
ぢ,reveal,actual_s,0.1,0,2,0.0
ぢ,reveal,actual_s,0.3,0,2,0.0
ぢ,reveal,actual_s,0.5,0,1,0.0
ぢ,reveal,actual_s,1.0,1,3,0.3333
ぢ,reveal,actual_s,4.0,2,2,1.0
ぢ,reveal,actual_s,9.0,2,2,1.0
ぢ,wipe,actual_s,0.5,0,3,0.0
ぢ,wipe,actual_s,1.0,0,2,0.0
ぢ,wipe,actual_s,2.0,0,5,0.0
ぢ,wipe,actual_s,4.0,0,3,0.0
ぢ,wipe,actual_s,8.0,0,5,0.0
ぢ,wipe,actual_s,14.0,0,4,0.0
ぢ,wipe,actual_s,25.0,0,2,0.0
ぢ,wipe,actual_s,100.0,6,6,1.0
づ,blur,actual_s,26.0,2,4,0.5
づ,blur,actual_s,38.0,1,4,0.25
づ,blur,actual_s,48.0,3,5,0.6
づ,blur,actual_s,56.0,4,5,0.8
づ,blur,actual_s,64.0,4,4,1.0
づ,blur,actual_s,72.0,6,6,1.0
づ,blur,actual_s,84.0,3,3,1.0
づ,blur,actual_s,100.0,8,8,1.0
づ,fade,actual_s,0.4,0,4,0.0
づ,fade,actual_s,0.8,0,1,0.0
づ,fade,actual_s,1.4,4,6,0.6667
づ,fade,actual_s,2.2,1,1,1.0
づ,fade,actual_s,3.5,2,2,1.0
づ,fade,actual_s,6.0,5,6,0.8333
づ,fade,actual_s,100.0,4,4,1.0
づ,reveal,actual_s,0.1,0,2,0.0
づ,reveal,actual_s,0.3,0,2,0.0
づ,reveal,actual_s,0.5,0,2,0.0
づ,reveal,actual_s,1.0,1,3,0.3333
づ,reveal,actual_s,2.0,1,2,0.5
づ,reveal,actual_s,4.0,1,2,0.5
づ,reveal,actual_s,9.0,2,2,1.0
づ,reveal,actual_s,100.0,3,3,1.0
づ,wipe,actual_s,0.5,0,4,0.0
づ,wipe,actual_s,1.0,0,4,0.0
づ,wipe,actual_s,2.0,0,3,0.0
づ,wipe,actual_s,4.0,0,5,0.0
づ,wipe,actual_s,8.0,0,2,0.0
づ,wipe,actual_s,14.0,0,5,0.0
づ,wipe,actual_s,25.0,0,4,0.0
づ,wipe,actual_s,100.0,3,3,1.0
て,blur,actual_s,26.0,0,2,0.0
て,blur,actual_s,38.0,0,3,0.0
て,blur,actual_s,48.0,4,4,1.0
て,blur,actual_s,56.0,3,3,1.0
て,blur,actual_s,64.0,4,4,1.0
て,blur,actual_s,72.0,1,1,1.0
て,blur,actual_s,84.0,4,4,1.0
て,blur,actual_s,100.0,3,3,1.0
て,fade,actual_s,0.4,0,1,0.0
て,fade,actual_s,0.8,1,3,0.3333
て,fade,actual_s,1.4,1,3,0.3333
て,fade,actual_s,3.5,5,5,1.0
て,fade,actual_s,6.0,0,1,0.0
て,fade,actual_s,12.0,3,3,1.0
て,fade,actual_s,100.0,2,2,1.0
て,reveal,actual_s,0.1,0,4,0.0
て,reveal,actual_s,0.3,0,4,0.0
て,reveal,actual_s,0.5,0,3,0.0
て,reveal,actual_s,1.0,0,4,0.0
て,reveal,actual_s,2.0,5,5,1.0
て,reveal,actual_s,4.0,2,2,1.0
て,reveal,actual_s,9.0,4,4,1.0
て,reveal,actual_s,100.0,4,4,1.0
て,wipe,actual_s,0.5,0,3,0.0
て,wipe,actual_s,1.0,0,1,0.0
て,wipe,actual_s,2.0,0,2,0.0
て,wipe,actual_s,4.0,0,2,0.0
て,wipe,actual_s,8.0,1,2,0.5
て,wipe,actual_s,14.0,0,1,0.0
て,wipe,actual_s,25.0,1,2,0.5
て,wipe,actual_s,100.0,2,2,1.0
で,blur,actual_s,26.0,0,1,0.0
で,blur,actual_s,38.0,0,2,0.0
で,blur,actual_s,48.0,0,3,0.0
で,blur,actual_s,56.0,0,1,0.0
で,blur,actual_s,64.0,3,3,1.0
で,blur,actual_s,72.0,2,2,1.0
で,blur,actual_s,84.0,1,1,1.0
で,blur,actual_s,100.0,5,5,1.0
で,fade,actual_s,0.4,0,4,0.0
で,fade,actual_s,0.8,0,2,0.0
で,fade,actual_s,1.4,1,8,0.125
で,fade,actual_s,2.2,3,4,0.75
で,fade,actual_s,3.5,3,3,1.0
で,fade,actual_s,6.0,6,6,1.0
で,fade,actual_s,12.0,3,3,1.0
で,fade,actual_s,100.0,5,6,0.8333
で,reveal,actual_s,0.1,0,7,0.0
で,reveal,actual_s,0.3,0,2,0.0
で,reveal,actual_s,0.5,0,5,0.0
で,reveal,actual_s,1.0,2,6,0.3333
で,reveal,actual_s,4.0,5,7,0.7143
で,reveal,actual_s,9.0,3,4,0.75
で,reveal,actual_s,100.0,2,2,1.0
で,wipe,actual_s,0.5,0,2,0.0
で,wipe,actual_s,1.0,0,3,0.0
で,wipe,actual_s,2.0,0,5,0.0
で,wipe,actual_s,4.0,0,2,0.0
で,wipe,actual_s,8.0,0,4,0.0
で,wipe,actual_s,14.0,0,4,0.0
で,wipe,actual_s,25.0,0,3,0.0
で,wipe,actual_s,100.0,7,7,1.0
と,blur,actual_s,26.0,0,3,0.0
と,blur,actual_s,38.0,0,5,0.0
と,blur,actual_s,48.0,2,3,0.6667
と,blur,actual_s,56.0,5,5,1.0
と,blur,actual_s,64.0,3,3,1.0
と,blur,actual_s,72.0,4,4,1.0
と,blur,actual_s,84.0,5,5,1.0
と,blur,actual_s,100.0,2,2,1.0
と,fade,actual_s,0.4,0,3,0.0
と,fade,actual_s,0.8,0,2,0.0
と,fade,actual_s,1.4,1,2,0.5
と,fade,actual_s,2.2,2,2,1.0
と,fade,actual_s,3.5,2,2,1.0
と,fade,actual_s,6.0,2,2,1.0
と,fade,actual_s,12.0,3,3,1.0
と,fade,actual_s,100.0,2,2,1.0
と,reveal,actual_s,0.1,0,2,0.0
と,reveal,actual_s,0.3,1,1,1.0
と,reveal,actual_s,0.5,1,2,0.5
と,reveal,actual_s,1.0,0,1,0.0
と,reveal,actual_s,2.0,1,1,1.0
と,reveal,actual_s,4.0,3,3,1.0
と,reveal,actual_s,100.0,2,2,1.0
と,wipe,actual_s,0.5,0,3,0.0
と,wipe,actual_s,2.0,0,3,0.0
と,wipe,actual_s,4.0,0,1,0.0
と,wipe,actual_s,14.0,0,3,0.0
と,wipe,actual_s,25.0,1,1,1.0
と,wipe,actual_s,100.0,1,1,1.0
ど,blur,actual_s,26.0,0,3,0.0
ど,blur,actual_s,38.0,1,2,0.5
ど,blur,actual_s,48.0,1,2,0.5
ど,blur,actual_s,56.0,2,3,0.6667
ど,blur,actual_s,64.0,2,2,1.0
ど,blur,actual_s,72.0,4,4,1.0
ど,blur,actual_s,84.0,2,2,1.0
ど,blur,actual_s,100.0,3,3,1.0
ど,fade,actual_s,0.4,0,1,0.0
ど,fade,actual_s,0.8,0,5,0.0
ど,fade,actual_s,1.4,2,3,0.6667
ど,fade,actual_s,2.2,0,1,0.0
ど,fade,actual_s,3.5,4,4,1.0
ど,fade,actual_s,6.0,3,3,1.0
ど,fade,actual_s,12.0,2,2,1.0
ど,fade,actual_s,100.0,5,5,1.0
ど,reveal,actual_s,0.1,0,4,0.0
ど,reveal,actual_s,0.3,0,6,0.0
ど,reveal,actual_s,0.5,1,4,0.25
ど,reveal,actual_s,1.0,0,7,0.0
ど,reveal,actual_s,2.0,4,6,0.6667
ど,reveal,actual_s,4.0,3,5,0.6
ど,reveal,actual_s,9.0,6,6,1.0
ど,reveal,actual_s,100.0,4,4,1.0
ど,wipe,actual_s,0.5,0,3,0.0
ど,wipe,actual_s,1.0,0,3,0.0
ど,wipe,actual_s,2.0,0,1,0.0
ど,wipe,actual_s,4.0,0,4,0.0
ど,wipe,actual_s,8.0,0,1,0.0
ど,wipe,actual_s,14.0,0,2,0.0
ど,wipe,actual_s,25.0,0,4,0.0
な,blur,actual_s,26.0,0,2,0.0
な,blur,actual_s,38.0,0,3,0.0
な,blur,actual_s,48.0,2,3,0.6667
な,blur,actual_s,56.0,3,3,1.0
な,blur,actual_s,64.0,1,2,0.5
な,blur,actual_s,72.0,2,2,1.0
な,blur,actual_s,84.0,4,4,1.0
な,blur,actual_s,100.0,2,2,1.0
な,fade,actual_s,0.4,0,2,0.0
な,fade,actual_s,0.8,0,2,0.0
な,fade,actual_s,1.4,2,2,1.0
な,fade,actual_s,2.2,1,3,0.3333
な,fade,actual_s,3.5,1,2,0.5
な,fade,actual_s,6.0,2,2,1.0
な,fade,actual_s,12.0,2,2,1.0
な,fade,actual_s,100.0,3,3,1.0
な,reveal,actual_s,0.1,1,4,0.25
な,reveal,actual_s,0.5,1,3,0.3333
な,reveal,actual_s,1.0,1,2,0.5
な,reveal,actual_s,2.0,1,1,1.0
な,reveal,actual_s,4.0,3,3,1.0
な,reveal,actual_s,9.0,1,1,1.0
な,reveal,actual_s,100.0,2,2,1.0
な,wipe,actual_s,0.5,0,4,0.0
な,wipe,actual_s,2.0,0,4,0.0
な,wipe,actual_s,4.0,1,3,0.3333
な,wipe,actual_s,8.0,0,3,0.0
な,wipe,actual_s,14.0,0,2,0.0
な,wipe,actual_s,25.0,0,2,0.0
な,wipe,actual_s,100.0,3,3,1.0
に,blur,actual_s,26.0,0,4,0.0
に,blur,actual_s,38.0,1,3,0.3333
に,blur,actual_s,48.0,2,2,1.0
に,blur,actual_s,56.0,3,3,1.0
に,blur,actual_s,64.0,4,4,1.0
に,blur,actual_s,72.0,2,2,1.0
に,blur,actual_s,84.0,4,4,1.0
に,blur,actual_s,100.0,2,2,1.0
に,fade,actual_s,0.4,2,3,0.6667
に,fade,actual_s,0.8,0,4,0.0
に,fade,actual_s,1.4,2,4,0.5
に,fade,actual_s,2.2,4,4,1.0
に,fade,actual_s,3.5,3,3,1.0
に,fade,actual_s,6.0,5,5,1.0
に,fade,actual_s,12.0,3,4,0.75
に,fade,actual_s,100.0,3,3,1.0
に,reveal,actual_s,0.1,0,1,0.0
に,reveal,actual_s,0.3,0,1,0.0
に,reveal,actual_s,1.0,0,2,0.0
に,reveal,actual_s,9.0,1,2,0.5
に,wipe,actual_s,0.5,0,3,0.0
に,wipe,actual_s,1.0,0,2,0.0
に,wipe,actual_s,2.0,0,3,0.0
に,wipe,actual_s,4.0,0,1,0.0
に,wipe,actual_s,8.0,1,3,0.3333
に,wipe,actual_s,14.0,1,2,0.5
に,wipe,actual_s,25.0,0,2,0.0
に,wipe,actual_s,100.0,2,2,1.0
ぬ,blur,actual_s,26.0,0,2,0.0
ぬ,blur,actual_s,38.0,0,4,0.0
ぬ,blur,actual_s,48.0,3,6,0.5
ぬ,blur,actual_s,56.0,1,3,0.3333
ぬ,blur,actual_s,64.0,3,4,0.75
ぬ,blur,actual_s,72.0,5,5,1.0
ぬ,blur,actual_s,84.0,2,2,1.0
ぬ,blur,actual_s,100.0,7,7,1.0
ぬ,fade,actual_s,0.4,0,2,0.0
ぬ,fade,actual_s,0.8,1,4,0.25
ぬ,fade,actual_s,1.4,1,3,0.3333
ぬ,fade,actual_s,2.2,0,3,0.0
ぬ,fade,actual_s,3.5,3,3,1.0
ぬ,fade,actual_s,6.0,2,2,1.0
ぬ,fade,actual_s,12.0,3,3,1.0
ぬ,fade,actual_s,100.0,4,4,1.0
ぬ,reveal,actual_s,0.1,0,2,0.0
ぬ,reveal,actual_s,0.3,0,2,0.0
ぬ,reveal,actual_s,0.5,0,5,0.0
ぬ,reveal,actual_s,1.0,0,1,0.0
ぬ,reveal,actual_s,2.0,1,3,0.3333
ぬ,reveal,actual_s,4.0,4,4,1.0
ぬ,reveal,actual_s,9.0,2,2,1.0
ぬ,reveal,actual_s,100.0,5,5,1.0
ぬ,wipe,actual_s,1.0,0,5,0.0
ぬ,wipe,actual_s,2.0,0,1,0.0
ぬ,wipe,actual_s,4.0,0,3,0.0
ぬ,wipe,actual_s,8.0,0,2,0.0
ぬ,wipe,actual_s,14.0,0,1,0.0
ぬ,wipe,actual_s,25.0,1,4,0.25
ぬ,wipe,actual_s,100.0,2,2,1.0
ね,blur,actual_s,26.0,1,3,0.3333
ね,blur,actual_s,38.0,0,1,0.0
ね,blur,actual_s,48.0,0,1,0.0
ね,blur,actual_s,56.0,1,2,0.5
ね,blur,actual_s,64.0,1,1,1.0
ね,blur,actual_s,72.0,2,2,1.0
ね,blur,actual_s,84.0,2,2,1.0
ね,fade,actual_s,0.4,0,1,0.0
ね,fade,actual_s,0.8,1,4,0.25
ね,fade,actual_s,1.4,1,3,0.3333
ね,fade,actual_s,2.2,3,3,1.0
ね,fade,actual_s,3.5,2,2,1.0
ね,fade,actual_s,6.0,4,4,1.0
ね,fade,actual_s,12.0,3,3,1.0
ね,fade,actual_s,100.0,4,4,1.0
ね,reveal,actual_s,0.1,0,4,0.0
ね,reveal,actual_s,0.3,0,2,0.0
ね,reveal,actual_s,0.5,0,6,0.0
ね,reveal,actual_s,1.0,2,3,0.6667
ね,reveal,actual_s,2.0,0,3,0.0
ね,reveal,actual_s,4.0,4,4,1.0
ね,reveal,actual_s,9.0,4,4,1.0
ね,reveal,actual_s,100.0,4,4,1.0
ね,wipe,actual_s,0.5,0,4,0.0
ね,wipe,actual_s,1.0,0,5,0.0
ね,wipe,actual_s,2.0,0,5,0.0
ね,wipe,actual_s,4.0,0,2,0.0
ね,wipe,actual_s,8.0,0,6,0.0
ね,wipe,actual_s,14.0,0,5,0.0
ね,wipe,actual_s,25.0,0,5,0.0
ね,wipe,actual_s,100.0,4,4,1.0
の,blur,actual_s,26.0,0,1,0.0
の,blur,actual_s,38.0,1,5,0.2
の,blur,actual_s,48.0,2,2,1.0
の,blur,actual_s,56.0,3,3,1.0
の,blur,actual_s,64.0,3,3,1.0
の,blur,actual_s,72.0,3,3,1.0
の,blur,actual_s,84.0,5,5,1.0
の,blur,actual_s,100.0,3,3,1.0
の,fade,actual_s,0.4,0,4,0.0
の,fade,actual_s,0.8,3,4,0.75
の,fade,actual_s,1.4,1,1,1.0
の,fade,actual_s,2.2,4,5,0.8
の,fade,actual_s,3.5,4,4,1.0
の,fade,actual_s,6.0,3,3,1.0
の,fade,actual_s,12.0,3,3,1.0
の,fade,actual_s,100.0,3,3,1.0
の,reveal,actual_s,0.1,0,2,0.0
の,reveal,actual_s,0.3,0,2,0.0
の,reveal,actual_s,0.5,0,2,0.0
の,reveal,actual_s,1.0,0,1,0.0
の,reveal,actual_s,2.0,3,3,1.0
の,reveal,actual_s,4.0,1,1,1.0
の,reveal,actual_s,9.0,2,2,1.0
の,reveal,actual_s,100.0,2,2,1.0
の,wipe,actual_s,0.5,0,2,0.0
の,wipe,actual_s,1.0,0,2,0.0
の,wipe,actual_s,4.0,2,3,0.6667
の,wipe,actual_s,8.0,0,1,0.0
の,wipe,actual_s,14.0,2,2,1.0
の,wipe,actual_s,25.0,1,1,1.0
の,wipe,actual_s,100.0,0,1,0.0
は,blur,actual_s,26.0,1,5,0.2
は,blur,actual_s,38.0,2,6,0.3333
は,blur,actual_s,48.0,2,3,0.6667
は,blur,actual_s,56.0,4,6,0.6667
は,blur,actual_s,64.0,3,3,1.0
は,blur,actual_s,72.0,4,4,1.0
は,blur,actual_s,84.0,6,6,1.0
は,blur,actual_s,100.0,3,3,1.0
は,fade,actual_s,0.4,0,1,0.0
は,fade,actual_s,0.8,1,4,0.25
は,fade,actual_s,1.4,1,2,0.5
は,fade,actual_s,2.2,0,1,0.0
は,fade,actual_s,3.5,2,3,0.6667
は,fade,actual_s,6.0,2,2,1.0
は,fade,actual_s,12.0,2,2,1.0
は,fade,actual_s,100.0,3,3,1.0
は,reveal,actual_s,0.1,0,5,0.0
は,reveal,actual_s,0.3,0,3,0.0
は,reveal,actual_s,0.5,0,3,0.0
は,reveal,actual_s,1.0,0,4,0.0
は,reveal,actual_s,2.0,1,2,0.5
は,reveal,actual_s,4.0,3,4,0.75
は,reveal,actual_s,9.0,3,4,0.75
は,reveal,actual_s,100.0,2,2,1.0
は,wipe,actual_s,0.5,0,2,0.0
は,wipe,actual_s,1.0,1,3,0.3333
は,wipe,actual_s,2.0,0,2,0.0
は,wipe,actual_s,4.0,2,3,0.6667
は,wipe,actual_s,8.0,1,2,0.5
は,wipe,actual_s,14.0,2,2,1.0
は,wipe,actual_s,25.0,1,2,0.5
は,wipe,actual_s,100.0,2,2,1.0
ば,blur,actual_s,26.0,1,3,0.3333
ば,blur,actual_s,38.0,0,5,0.0
ば,blur,actual_s,48.0,3,5,0.6
ば,blur,actual_s,56.0,0,3,0.0
ば,blur,actual_s,64.0,1,5,0.2
ば,blur,actual_s,72.0,2,3,0.6667
ば,blur,actual_s,84.0,2,3,0.6667
ば,blur,actual_s,100.0,6,6,1.0
ば,fade,actual_s,0.4,0,2,0.0
ば,fade,actual_s,0.8,0,4,0.0
ば,fade,actual_s,1.4,0,4,0.0
ば,fade,actual_s,2.2,2,2,1.0
ば,fade,actual_s,3.5,1,3,0.3333
ば,fade,actual_s,6.0,3,3,1.0
ば,fade,actual_s,12.0,2,2,1.0
ば,fade,actual_s,100.0,3,4,0.75
ば,reveal,actual_s,0.1,0,4,0.0
ば,reveal,actual_s,0.3,0,6,0.0
ば,reveal,actual_s,0.5,0,2,0.0
ば,reveal,actual_s,1.0,1,4,0.25
ば,reveal,actual_s,2.0,2,4,0.5
ば,reveal,actual_s,4.0,3,3,1.0
ば,reveal,actual_s,9.0,3,3,1.0
ば,reveal,actual_s,100.0,4,4,1.0
ば,wipe,actual_s,0.5,0,6,0.0
ば,wipe,actual_s,1.0,0,3,0.0
ば,wipe,actual_s,2.0,0,4,0.0
ば,wipe,actual_s,4.0,0,7,0.0
ば,wipe,actual_s,14.0,0,6,0.0
ば,wipe,actual_s,25.0,0,5,0.0
ば,wipe,actual_s,100.0,2,2,1.0
ひ,blur,actual_s,26.0,1,2,0.5
ひ,blur,actual_s,56.0,2,2,1.0
ひ,blur,actual_s,72.0,2,2,1.0
ひ,fade,actual_s,0.4,1,4,0.25
ひ,fade,actual_s,0.8,0,2,0.0
ひ,fade,actual_s,1.4,2,4,0.5
ひ,fade,actual_s,2.2,2,4,0.5
ひ,fade,actual_s,3.5,3,3,1.0
ひ,fade,actual_s,6.0,5,5,1.0
ひ,fade,actual_s,12.0,2,2,1.0
ひ,fade,actual_s,100.0,3,3,1.0
ひ,reveal,actual_s,0.1,0,2,0.0
ひ,reveal,actual_s,0.3,0,4,0.0
ひ,reveal,actual_s,0.5,0,4,0.0
ひ,reveal,actual_s,1.0,0,3,0.0
ひ,reveal,actual_s,2.0,4,7,0.5714
ひ,reveal,actual_s,4.0,0,2,0.0
ひ,reveal,actual_s,9.0,3,3,1.0
ひ,reveal,actual_s,100.0,5,5,1.0
ひ,wipe,actual_s,0.5,0,2,0.0
ひ,wipe,actual_s,1.0,0,1,0.0
ひ,wipe,actual_s,2.0,0,4,0.0
ひ,wipe,actual_s,8.0,0,2,0.0
ひ,wipe,actual_s,14.0,2,3,0.6667
ひ,wipe,actual_s,25.0,1,1,1.0
ひ,wipe,actual_s,100.0,2,2,1.0
び,blur,actual_s,38.0,1,4,0.25
び,blur,actual_s,48.0,0,2,0.0
び,blur,actual_s,56.0,0,1,0.0
び,blur,actual_s,64.0,1,3,0.3333
び,blur,actual_s,72.0,2,2,1.0
び,blur,actual_s,84.0,1,1,1.0
び,blur,actual_s,100.0,5,5,1.0
び,fade,actual_s,0.4,0,6,0.0
び,fade,actual_s,0.8,1,1,1.0
び,fade,actual_s,1.4,2,2,1.0
び,fade,actual_s,2.2,2,5,0.4
び,fade,actual_s,3.5,1,1,1.0
び,fade,actual_s,6.0,4,4,1.0
び,fade,actual_s,12.0,4,4,1.0
び,fade,actual_s,100.0,1,1,1.0
び,reveal,actual_s,0.1,0,3,0.0
び,reveal,actual_s,0.3,0,2,0.0
び,reveal,actual_s,0.5,0,3,0.0
び,reveal,actual_s,1.0,0,3,0.0
び,reveal,actual_s,2.0,1,3,0.3333
び,reveal,actual_s,4.0,0,4,0.0
び,reveal,actual_s,9.0,2,2,1.0
び,reveal,actual_s,100.0,4,4,1.0
び,wipe,actual_s,0.5,0,4,0.0
び,wipe,actual_s,1.0,0,3,0.0
び,wipe,actual_s,2.0,0,1,0.0
び,wipe,actual_s,4.0,0,4,0.0
び,wipe,actual_s,8.0,0,2,0.0
び,wipe,actual_s,14.0,0,3,0.0
び,wipe,actual_s,25.0,0,4,0.0
ぴ,blur,actual_s,26.0,1,4,0.25
ぴ,blur,actual_s,38.0,0,1,0.0
ぴ,blur,actual_s,48.0,2,3,0.6667
ぴ,blur,actual_s,56.0,1,3,0.3333
ぴ,blur,actual_s,64.0,0,2,0.0
ぴ,blur,actual_s,72.0,2,4,0.5
ぴ,blur,actual_s,84.0,2,2,1.0
ぴ,blur,actual_s,100.0,2,2,1.0
ぴ,fade,actual_s,0.4,1,5,0.2
ぴ,fade,actual_s,0.8,0,2,0.0
ぴ,fade,actual_s,1.4,1,4,0.25
ぴ,fade,actual_s,2.2,3,4,0.75
ぴ,fade,actual_s,3.5,3,3,1.0
ぴ,fade,actual_s,6.0,3,3,1.0
ぴ,fade,actual_s,12.0,3,3,1.0
ぴ,fade,actual_s,100.0,3,3,1.0
ぴ,reveal,actual_s,0.1,0,1,0.0
ぴ,reveal,actual_s,0.3,0,1,0.0
ぴ,reveal,actual_s,0.5,0,1,0.0
ぴ,reveal,actual_s,2.0,1,1,1.0
ぴ,reveal,actual_s,4.0,1,1,1.0
ぴ,reveal,actual_s,100.0,1,1,1.0
ぴ,wipe,actual_s,0.5,0,2,0.0
ぴ,wipe,actual_s,1.0,0,5,0.0
ぴ,wipe,actual_s,4.0,0,4,0.0
ぴ,wipe,actual_s,8.0,0,4,0.0
ぴ,wipe,actual_s,14.0,0,1,0.0
ぴ,wipe,actual_s,25.0,0,6,0.0
ふ,blur,actual_s,26.0,2,5,0.4
ふ,blur,actual_s,38.0,0,2,0.0
ふ,blur,actual_s,48.0,1,3,0.3333
ふ,blur,actual_s,56.0,4,5,0.8
ふ,blur,actual_s,64.0,2,2,1.0
ふ,blur,actual_s,72.0,5,5,1.0
ふ,blur,actual_s,84.0,3,3,1.0
ふ,blur,actual_s,100.0,1,2,0.5
ふ,fade,actual_s,0.4,0,3,0.0
ふ,fade,actual_s,0.8,0,3,0.0
ふ,fade,actual_s,1.4,1,4,0.25
ふ,fade,actual_s,2.2,1,2,0.5
ふ,fade,actual_s,3.5,4,4,1.0
ふ,fade,actual_s,6.0,2,3,0.6667
ふ,fade,actual_s,12.0,3,3,1.0
ふ,fade,actual_s,100.0,5,5,1.0
ふ,reveal,actual_s,0.1,0,2,0.0
ふ,reveal,actual_s,0.3,1,3,0.3333
ふ,reveal,actual_s,0.5,0,3,0.0
ふ,reveal,actual_s,2.0,3,4,0.75
ふ,reveal,actual_s,4.0,2,2,1.0
ふ,reveal,actual_s,9.0,2,2,1.0
ふ,reveal,actual_s,100.0,2,2,1.0
ふ,wipe,actual_s,0.5,0,2,0.0
ふ,wipe,actual_s,1.0,1,5,0.2
ふ,wipe,actual_s,2.0,0,3,0.0
ふ,wipe,actual_s,4.0,1,4,0.25
ふ,wipe,actual_s,8.0,0,6,0.0
ふ,wipe,actual_s,14.0,0,2,0.0
ふ,wipe,actual_s,25.0,0,2,0.0
ふ,wipe,actual_s,100.0,6,6,1.0
ぶ,blur,actual_s,26.0,1,2,0.5
ぶ,blur,actual_s,38.0,0,3,0.0
ぶ,blur,actual_s,48.0,2,6,0.3333
ぶ,blur,actual_s,56.0,1,3,0.3333
ぶ,blur,actual_s,64.0,4,5,0.8
ぶ,blur,actual_s,72.0,3,3,1.0
ぶ,blur,actual_s,84.0,3,5,0.6
ぶ,blur,actual_s,100.0,6,6,1.0
ぶ,fade,actual_s,0.4,0,3,0.0
ぶ,fade,actual_s,0.8,0,2,0.0
ぶ,fade,actual_s,1.4,1,1,1.0
ぶ,fade,actual_s,2.2,3,4,0.75
ぶ,fade,actual_s,3.5,2,2,1.0
ぶ,fade,actual_s,6.0,3,3,1.0
ぶ,fade,actual_s,12.0,1,1,1.0
ぶ,fade,actual_s,100.0,2,2,1.0
ぶ,reveal,actual_s,0.1,0,5,0.0
ぶ,reveal,actual_s,0.3,0,4,0.0
ぶ,reveal,actual_s,0.5,0,3,0.0
ぶ,reveal,actual_s,1.0,0,6,0.0
ぶ,reveal,actual_s,2.0,0,4,0.0
ぶ,reveal,actual_s,4.0,3,4,0.75
ぶ,reveal,actual_s,9.0,4,5,0.8
ぶ,reveal,actual_s,100.0,5,5,1.0
ぶ,wipe,actual_s,0.5,0,2,0.0
ぶ,wipe,actual_s,1.0,0,3,0.0
ぶ,wipe,actual_s,2.0,0,4,0.0
ぶ,wipe,actual_s,4.0,0,1,0.0
ぶ,wipe,actual_s,8.0,0,4,0.0
ぶ,wipe,actual_s,14.0,0,4,0.0
ぶ,wipe,actual_s,25.0,0,3,0.0
ぶ,wipe,actual_s,100.0,3,3,1.0
ぷ,blur,actual_s,26.0,0,5,0.0
ぷ,blur,actual_s,38.0,1,1,1.0
ぷ,blur,actual_s,48.0,1,6,0.1667
ぷ,blur,actual_s,56.0,1,1,1.0
ぷ,blur,actual_s,64.0,1,1,1.0
ぷ,blur,actual_s,72.0,4,7,0.5714
ぷ,blur,actual_s,100.0,3,3,1.0
ぷ,fade,actual_s,0.4,0,1,0.0
ぷ,fade,actual_s,0.8,0,3,0.0
ぷ,fade,actual_s,1.4,0,1,0.0
ぷ,fade,actual_s,2.2,2,2,1.0
ぷ,fade,actual_s,3.5,2,2,1.0
ぷ,fade,actual_s,6.0,1,1,1.0
ぷ,fade,actual_s,12.0,2,2,1.0
ぷ,fade,actual_s,100.0,3,3,1.0
ぷ,reveal,actual_s,0.1,0,2,0.0
ぷ,reveal,actual_s,0.3,0,2,0.0
ぷ,reveal,actual_s,0.5,0,5,0.0
ぷ,reveal,actual_s,1.0,0,1,0.0
ぷ,reveal,actual_s,2.0,3,4,0.75
ぷ,reveal,actual_s,4.0,2,3,0.6667
ぷ,reveal,actual_s,9.0,2,2,1.0
ぷ,reveal,actual_s,100.0,5,5,1.0
ぷ,wipe,actual_s,0.5,0,2,0.0
ぷ,wipe,actual_s,1.0,0,3,0.0
ぷ,wipe,actual_s,2.0,0,4,0.0
ぷ,wipe,actual_s,4.0,1,2,0.5
ぷ,wipe,actual_s,8.0,0,4,0.0
ぷ,wipe,actual_s,14.0,1,3,0.3333
ぷ,wipe,actual_s,25.0,0,2,0.0
ぷ,wipe,actual_s,100.0,4,4,1.0
へ,blur,actual_s,26.0,1,2,0.5
へ,blur,actual_s,38.0,5,5,1.0
へ,blur,actual_s,48.0,2,3,0.6667
へ,blur,actual_s,56.0,3,3,1.0
へ,blur,actual_s,64.0,6,6,1.0
へ,blur,actual_s,72.0,2,2,1.0
へ,blur,actual_s,84.0,4,4,1.0
へ,blur,actual_s,100.0,5,5,1.0
へ,fade,actual_s,0.4,0,2,0.0
へ,fade,actual_s,0.8,1,6,0.1667
へ,fade,actual_s,1.4,1,1,1.0
へ,fade,actual_s,2.2,4,4,1.0
へ,fade,actual_s,3.5,3,4,0.75
へ,fade,actual_s,6.0,2,2,1.0
へ,fade,actual_s,12.0,4,4,1.0
へ,fade,actual_s,100.0,4,4,1.0
へ,reveal,actual_s,0.1,0,2,0.0
へ,reveal,actual_s,0.3,1,3,0.3333
へ,reveal,actual_s,0.5,1,3,0.3333
へ,reveal,actual_s,1.0,3,5,0.6
へ,reveal,actual_s,2.0,1,1,1.0
へ,reveal,actual_s,4.0,3,3,1.0
へ,reveal,actual_s,9.0,4,4,1.0
へ,reveal,actual_s,100.0,3,3,1.0
へ,wipe,actual_s,0.5,0,1,0.0
へ,wipe,actual_s,1.0,0,5,0.0
へ,wipe,actual_s,2.0,0,2,0.0
へ,wipe,actual_s,4.0,0,1,0.0
へ,wipe,actual_s,8.0,2,5,0.4
へ,wipe,actual_s,14.0,0,1,0.0
へ,wipe,actual_s,25.0,1,3,0.3333
へ,wipe,actual_s,100.0,3,3,1.0
べ,blur,actual_s,26.0,0,2,0.0
べ,blur,actual_s,38.0,1,2,0.5
べ,blur,actual_s,48.0,1,5,0.2
べ,blur,actual_s,56.0,1,1,1.0
べ,blur,actual_s,64.0,2,2,1.0
べ,blur,actual_s,72.0,2,4,0.5
べ,blur,actual_s,84.0,2,2,1.0
べ,blur,actual_s,100.0,3,3,1.0
べ,fade,actual_s,0.4,0,5,0.0
べ,fade,actual_s,0.8,0,1,0.0
べ,fade,actual_s,1.4,2,3,0.6667
べ,fade,actual_s,2.2,3,3,1.0
べ,fade,actual_s,3.5,1,2,0.5
べ,fade,actual_s,6.0,1,2,0.5
べ,fade,actual_s,12.0,3,3,1.0
べ,fade,actual_s,100.0,2,2,1.0
べ,reveal,actual_s,0.1,0,5,0.0
べ,reveal,actual_s,0.3,0,3,0.0
べ,reveal,actual_s,0.5,0,5,0.0
べ,reveal,actual_s,1.0,0,4,0.0
べ,reveal,actual_s,2.0,2,3,0.6667
べ,reveal,actual_s,4.0,4,6,0.6667
べ,reveal,actual_s,9.0,3,3,1.0
べ,reveal,actual_s,100.0,4,4,1.0
べ,wipe,actual_s,0.5,0,5,0.0
べ,wipe,actual_s,1.0,0,1,0.0
べ,wipe,actual_s,2.0,0,4,0.0
べ,wipe,actual_s,4.0,0,4,0.0
べ,wipe,actual_s,8.0,0,2,0.0
べ,wipe,actual_s,14.0,0,4,0.0
べ,wipe,actual_s,25.0,0,2,0.0
べ,wipe,actual_s,100.0,2,2,1.0
ぺ,blur,actual_s,26.0,1,1,1.0
ぺ,blur,actual_s,38.0,2,4,0.5
ぺ,blur,actual_s,48.0,1,1,1.0
ぺ,blur,actual_s,64.0,2,4,0.5
ぺ,blur,actual_s,72.0,1,1,1.0
ぺ,blur,actual_s,84.0,4,4,1.0
ぺ,fade,actual_s,0.4,0,3,0.0
ぺ,fade,actual_s,0.8,1,7,0.1429
ぺ,fade,actual_s,1.4,0,3,0.0
ぺ,fade,actual_s,2.2,3,5,0.6
ぺ,fade,actual_s,3.5,5,6,0.8333
ぺ,fade,actual_s,6.0,3,3,1.0
ぺ,fade,actual_s,12.0,5,6,0.8333
ぺ,fade,actual_s,100.0,6,6,1.0
ぺ,reveal,actual_s,0.1,0,3,0.0
ぺ,reveal,actual_s,0.3,0,6,0.0
ぺ,reveal,actual_s,0.5,0,5,0.0
ぺ,reveal,actual_s,1.0,0,2,0.0
ぺ,reveal,actual_s,2.0,1,6,0.1667
ぺ,reveal,actual_s,4.0,5,5,1.0
ぺ,reveal,actual_s,9.0,3,3,1.0
ぺ,reveal,actual_s,100.0,6,6,1.0
ぺ,wipe,actual_s,0.5,0,6,0.0
ぺ,wipe,actual_s,1.0,0,1,0.0
ぺ,wipe,actual_s,2.0,0,3,0.0
ぺ,wipe,actual_s,4.0,0,4,0.0
ぺ,wipe,actual_s,8.0,0,2,0.0
ぺ,wipe,actual_s,14.0,1,4,0.25
ぺ,wipe,actual_s,25.0,0,3,0.0
ぺ,wipe,actual_s,100.0,1,1,1.0
ほ,blur,actual_s,26.0,2,3,0.6667
ほ,blur,actual_s,38.0,0,1,0.0
ほ,blur,actual_s,48.0,1,3,0.3333
ほ,blur,actual_s,56.0,1,2,0.5
ほ,blur,actual_s,64.0,0,1,0.0
ほ,blur,actual_s,72.0,4,4,1.0
ほ,blur,actual_s,84.0,2,2,1.0
ほ,blur,actual_s,100.0,2,2,1.0
ほ,fade,actual_s,0.4,0,6,0.0
ほ,fade,actual_s,0.8,0,3,0.0
ほ,fade,actual_s,1.4,2,7,0.2857
ほ,fade,actual_s,2.2,1,4,0.25
ほ,fade,actual_s,3.5,1,2,0.5
ほ,fade,actual_s,6.0,8,8,1.0
ほ,fade,actual_s,12.0,5,5,1.0
ほ,fade,actual_s,100.0,4,4,1.0
ほ,reveal,actual_s,0.3,0,5,0.0
ほ,reveal,actual_s,0.5,0,1,0.0
ほ,reveal,actual_s,1.0,0,2,0.0
ほ,reveal,actual_s,2.0,1,4,0.25
ほ,reveal,actual_s,9.0,4,4,1.0
ほ,reveal,actual_s,100.0,2,2,1.0
ほ,wipe,actual_s,0.5,0,4,0.0
ほ,wipe,actual_s,1.0,0,2,0.0
ほ,wipe,actual_s,2.0,0,5,0.0
ほ,wipe,actual_s,4.0,0,4,0.0
ほ,wipe,actual_s,8.0,1,3,0.3333
ほ,wipe,actual_s,14.0,0,3,0.0
ほ,wipe,actual_s,25.0,0,5,0.0
ほ,wipe,actual_s,100.0,4,4,1.0
ぼ,blur,actual_s,26.0,1,3,0.3333
ぼ,blur,actual_s,38.0,1,4,0.25
ぼ,blur,actual_s,48.0,1,3,0.3333
ぼ,blur,actual_s,56.0,1,4,0.25
ぼ,blur,actual_s,64.0,1,2,0.5
ぼ,blur,actual_s,72.0,3,5,0.6
ぼ,blur,actual_s,84.0,2,2,1.0
ぼ,blur,actual_s,100.0,4,4,1.0
ぼ,fade,actual_s,0.4,1,1,1.0
ぼ,fade,actual_s,0.8,0,3,0.0
ぼ,fade,actual_s,1.4,1,3,0.3333
ぼ,fade,actual_s,2.2,0,1,0.0
ぼ,fade,actual_s,3.5,4,5,0.8
ぼ,fade,actual_s,6.0,1,1,1.0
ぼ,fade,actual_s,12.0,3,4,0.75
ぼ,fade,actual_s,100.0,3,3,1.0
ぼ,reveal,actual_s,0.1,0,4,0.0
ぼ,reveal,actual_s,0.3,0,5,0.0
ぼ,reveal,actual_s,1.0,3,6,0.5
ぼ,reveal,actual_s,2.0,0,3,0.0
ぼ,reveal,actual_s,4.0,0,2,0.0
ぼ,reveal,actual_s,9.0,6,6,1.0
ぼ,reveal,actual_s,100.0,1,1,1.0
ぼ,wipe,actual_s,0.5,0,5,0.0
ぼ,wipe,actual_s,1.0,0,1,0.0
ぼ,wipe,actual_s,2.0,0,4,0.0
ぼ,wipe,actual_s,4.0,0,4,0.0
ぼ,wipe,actual_s,8.0,0,3,0.0
ぼ,wipe,actual_s,14.0,0,3,0.0
ぼ,wipe,actual_s,25.0,0,4,0.0
ぼ,wipe,actual_s,100.0,2,3,0.6667
ぽ,blur,actual_s,26.0,1,3,0.3333
ぽ,blur,actual_s,38.0,0,4,0.0
ぽ,blur,actual_s,48.0,0,2,0.0
ぽ,blur,actual_s,56.0,2,4,0.5
ぽ,blur,actual_s,64.0,0,4,0.0
ぽ,blur,actual_s,72.0,0,2,0.0
ぽ,blur,actual_s,84.0,2,3,0.6667
ぽ,blur,actual_s,100.0,4,5,0.8
ぽ,fade,actual_s,0.4,0,6,0.0
ぽ,fade,actual_s,0.8,0,6,0.0
ぽ,fade,actual_s,1.4,2,2,1.0
ぽ,fade,actual_s,2.2,4,7,0.5714
ぽ,fade,actual_s,3.5,5,5,1.0
ぽ,fade,actual_s,6.0,2,3,0.6667
ぽ,fade,actual_s,12.0,8,8,1.0
ぽ,fade,actual_s,100.0,2,2,1.0
ぽ,reveal,actual_s,0.1,0,5,0.0
ぽ,reveal,actual_s,0.3,0,3,0.0
ぽ,reveal,actual_s,0.5,0,7,0.0
ぽ,reveal,actual_s,1.0,0,2,0.0
ぽ,reveal,actual_s,2.0,1,6,0.1667
ぽ,reveal,actual_s,4.0,2,5,0.4
ぽ,reveal,actual_s,9.0,3,4,0.75
ぽ,reveal,actual_s,100.0,3,4,0.75
ぽ,wipe,actual_s,0.5,0,1,0.0
ぽ,wipe,actual_s,2.0,0,2,0.0
ぽ,wipe,actual_s,4.0,0,1,0.0
ぽ,wipe,actual_s,8.0,0,1,0.0
ぽ,wipe,actual_s,14.0,0,1,0.0
ぽ,wipe,actual_s,25.0,0,1,0.0
ぽ,wipe,actual_s,100.0,2,2,1.0
み,blur,actual_s,26.0,0,3,0.0
み,blur,actual_s,38.0,2,4,0.5
み,blur,actual_s,48.0,1,2,0.5
み,blur,actual_s,56.0,2,4,0.5
み,blur,actual_s,64.0,3,3,1.0
み,blur,actual_s,72.0,1,1,1.0
み,blur,actual_s,84.0,5,5,1.0
み,blur,actual_s,100.0,2,2,1.0
み,fade,actual_s,0.4,0,6,0.0
み,fade,actual_s,0.8,1,2,0.5
み,fade,actual_s,1.4,2,5,0.4
み,fade,actual_s,2.2,5,7,0.7143
み,fade,actual_s,3.5,3,4,0.75
み,fade,actual_s,6.0,4,4,1.0
み,fade,actual_s,12.0,4,4,1.0
み,fade,actual_s,100.0,4,4,1.0
み,reveal,actual_s,0.1,0,1,0.0
み,reveal,actual_s,0.3,0,4,0.0
み,reveal,actual_s,0.5,0,6,0.0
み,reveal,actual_s,1.0,0,1,0.0
み,reveal,actual_s,2.0,3,6,0.5
み,reveal,actual_s,4.0,2,3,0.6667
み,reveal,actual_s,9.0,2,2,1.0
み,reveal,actual_s,100.0,7,7,1.0
み,wipe,actual_s,0.5,0,1,0.0
み,wipe,actual_s,1.0,0,3,0.0
み,wipe,actual_s,2.0,0,4,0.0
み,wipe,actual_s,4.0,0,1,0.0
み,wipe,actual_s,8.0,0,4,0.0
み,wipe,actual_s,14.0,0,2,0.0
み,wipe,actual_s,25.0,2,2,1.0
み,wipe,actual_s,100.0,4,4,1.0
む,blur,actual_s,26.0,1,3,0.3333
む,blur,actual_s,38.0,0,6,0.0
む,blur,actual_s,48.0,1,4,0.25
む,blur,actual_s,56.0,1,3,0.3333
む,blur,actual_s,64.0,0,4,0.0
む,blur,actual_s,72.0,3,4,0.75
む,blur,actual_s,84.0,7,7,1.0
む,blur,actual_s,100.0,2,2,1.0
む,fade,actual_s,0.4,0,2,0.0
む,fade,actual_s,0.8,0,2,0.0
む,fade,actual_s,1.4,2,2,1.0
む,fade,actual_s,2.2,1,2,0.5
む,fade,actual_s,3.5,2,2,1.0
む,fade,actual_s,6.0,1,2,0.5
む,fade,actual_s,12.0,1,1,1.0
む,fade,actual_s,100.0,2,2,1.0
む,reveal,actual_s,0.1,0,1,0.0
む,reveal,actual_s,0.3,0,1,0.0
む,reveal,actual_s,0.5,0,1,0.0
む,reveal,actual_s,1.0,0,1,0.0
む,reveal,actual_s,2.0,0,1,0.0
む,reveal,actual_s,4.0,2,2,1.0
む,reveal,actual_s,9.0,0,1,0.0
む,reveal,actual_s,100.0,1,1,1.0
む,wipe,actual_s,0.5,0,4,0.0
む,wipe,actual_s,1.0,0,2,0.0
む,wipe,actual_s,2.0,0,3,0.0
む,wipe,actual_s,4.0,0,3,0.0
む,wipe,actual_s,8.0,0,1,0.0
む,wipe,actual_s,14.0,0,3,0.0
む,wipe,actual_s,25.0,4,4,1.0
む,wipe,actual_s,100.0,1,1,1.0
め,blur,actual_s,26.0,1,2,0.5
め,blur,actual_s,38.0,2,3,0.6667
め,blur,actual_s,48.0,1,2,0.5
め,blur,actual_s,56.0,2,2,1.0
め,blur,actual_s,64.0,2,2,1.0
め,blur,actual_s,72.0,2,2,1.0
め,blur,actual_s,84.0,3,3,1.0
め,blur,actual_s,100.0,2,2,1.0
め,fade,actual_s,0.4,0,2,0.0
め,fade,actual_s,0.8,0,2,0.0
め,fade,actual_s,2.2,0,2,0.0
め,fade,actual_s,3.5,2,2,1.0
め,fade,actual_s,6.0,1,1,1.0
め,fade,actual_s,12.0,1,1,1.0
め,fade,actual_s,100.0,2,2,1.0
め,reveal,actual_s,0.1,0,4,0.0
め,reveal,actual_s,0.3,1,5,0.2
め,reveal,actual_s,0.5,0,2,0.0
め,reveal,actual_s,1.0,0,3,0.0
め,reveal,actual_s,2.0,3,5,0.6
め,reveal,actual_s,4.0,3,3,1.0
め,reveal,actual_s,9.0,3,3,1.0
め,reveal,actual_s,100.0,5,5,1.0
め,wipe,actual_s,0.5,0,2,0.0
め,wipe,actual_s,1.0,0,5,0.0
め,wipe,actual_s,2.0,0,6,0.0
め,wipe,actual_s,4.0,1,2,0.5
め,wipe,actual_s,8.0,1,5,0.2
め,wipe,actual_s,14.0,0,5,0.0
め,wipe,actual_s,25.0,1,3,0.3333
め,wipe,actual_s,100.0,8,8,1.0
も,blur,actual_s,26.0,0,1,0.0
も,blur,actual_s,38.0,0,2,0.0
も,blur,actual_s,48.0,2,3,0.6667
も,blur,actual_s,56.0,2,2,1.0
も,blur,actual_s,64.0,4,4,1.0
も,blur,actual_s,72.0,1,1,1.0
も,blur,actual_s,84.0,1,1,1.0
も,blur,actual_s,100.0,4,4,1.0
も,fade,actual_s,0.4,0,1,0.0
も,fade,actual_s,0.8,0,7,0.0
も,fade,actual_s,1.4,1,6,0.1667
も,fade,actual_s,2.2,3,3,1.0
も,fade,actual_s,3.5,4,6,0.6667
も,fade,actual_s,6.0,3,3,1.0
も,fade,actual_s,12.0,4,4,1.0
も,fade,actual_s,100.0,8,8,1.0
も,reveal,actual_s,0.1,0,2,0.0
も,reveal,actual_s,0.3,0,3,0.0
も,reveal,actual_s,0.5,1,2,0.5
も,reveal,actual_s,1.0,0,3,0.0
も,reveal,actual_s,2.0,2,2,1.0
も,reveal,actual_s,4.0,4,4,1.0
も,reveal,actual_s,9.0,1,2,0.5
も,reveal,actual_s,100.0,3,3,1.0
も,wipe,actual_s,0.5,0,1,0.0
も,wipe,actual_s,1.0,0,4,0.0
も,wipe,actual_s,4.0,0,3,0.0
も,wipe,actual_s,8.0,0,2,0.0
も,wipe,actual_s,14.0,0,1,0.0
も,wipe,actual_s,25.0,3,4,0.75
や,blur,actual_s,26.0,1,3,0.3333
や,blur,actual_s,38.0,0,1,0.0
や,blur,actual_s,48.0,2,3,0.6667
や,blur,actual_s,56.0,1,1,1.0
や,blur,actual_s,64.0,1,1,1.0
や,blur,actual_s,72.0,4,4,1.0
や,blur,actual_s,100.0,2,2,1.0
や,fade,actual_s,0.4,0,1,0.0
や,fade,actual_s,0.8,0,3,0.0
や,fade,actual_s,1.4,2,3,0.6667
や,fade,actual_s,3.5,4,4,1.0
や,fade,actual_s,6.0,2,2,1.0
や,fade,actual_s,12.0,3,3,1.0
や,fade,actual_s,100.0,2,2,1.0
や,reveal,actual_s,0.1,0,1,0.0
や,reveal,actual_s,0.3,0,1,0.0
や,reveal,actual_s,1.0,0,2,0.0
や,reveal,actual_s,9.0,2,2,1.0
や,wipe,actual_s,0.5,0,2,0.0
や,wipe,actual_s,1.0,0,3,0.0
や,wipe,actual_s,2.0,0,5,0.0
や,wipe,actual_s,4.0,0,3,0.0
や,wipe,actual_s,8.0,0,3,0.0
や,wipe,actual_s,14.0,2,3,0.6667
や,wipe,actual_s,25.0,2,3,0.6667
や,wipe,actual_s,100.0,5,5,1.0
ゆ,blur,actual_s,26.0,0,1,0.0
ゆ,blur,actual_s,48.0,2,2,1.0
ゆ,blur,actual_s,56.0,0,1,0.0
ゆ,blur,actual_s,64.0,1,1,1.0
ゆ,blur,actual_s,72.0,2,2,1.0
ゆ,blur,actual_s,100.0,2,2,1.0
ゆ,fade,actual_s,0.4,0,4,0.0
ゆ,fade,actual_s,0.8,0,1,0.0
ゆ,fade,actual_s,1.4,2,3,0.6667
ゆ,fade,actual_s,2.2,4,4,1.0
ゆ,fade,actual_s,3.5,2,2,1.0
ゆ,fade,actual_s,6.0,1,2,0.5
ゆ,fade,actual_s,12.0,3,3,1.0
ゆ,fade,actual_s,100.0,2,2,1.0
ゆ,reveal,actual_s,0.3,0,4,0.0
ゆ,reveal,actual_s,0.5,0,2,0.0
ゆ,reveal,actual_s,2.0,4,6,0.6667
ゆ,reveal,actual_s,9.0,2,2,1.0
ゆ,reveal,actual_s,100.0,4,4,1.0
ゆ,wipe,actual_s,0.5,0,5,0.0
ゆ,wipe,actual_s,1.0,0,6,0.0
ゆ,wipe,actual_s,2.0,0,4,0.0
ゆ,wipe,actual_s,4.0,0,2,0.0
ゆ,wipe,actual_s,8.0,0,6,0.0
ゆ,wipe,actual_s,14.0,0,5,0.0
ゆ,wipe,actual_s,25.0,2,3,0.6667
ゆ,wipe,actual_s,100.0,5,5,1.0
よ,blur,actual_s,26.0,0,2,0.0
よ,blur,actual_s,38.0,1,3,0.3333
よ,blur,actual_s,56.0,3,3,1.0
よ,blur,actual_s,64.0,2,2,1.0
よ,blur,actual_s,84.0,4,4,1.0
よ,blur,actual_s,100.0,1,1,1.0
よ,fade,actual_s,0.4,0,6,0.0
よ,fade,actual_s,0.8,0,3,0.0
よ,fade,actual_s,1.4,3,3,1.0
よ,fade,actual_s,2.2,4,6,0.6667
よ,fade,actual_s,3.5,2,3,0.6667
よ,fade,actual_s,6.0,4,4,1.0
よ,fade,actual_s,12.0,4,4,1.0
よ,fade,actual_s,100.0,4,4,1.0
よ,reveal,actual_s,0.1,0,7,0.0
よ,reveal,actual_s,0.3,2,2,1.0
よ,reveal,actual_s,0.5,1,5,0.2
よ,reveal,actual_s,1.0,2,5,0.4
よ,reveal,actual_s,2.0,4,4,1.0
よ,reveal,actual_s,4.0,6,7,0.8571
よ,reveal,actual_s,9.0,2,2,1.0
よ,reveal,actual_s,100.0,4,4,1.0
よ,wipe,actual_s,0.5,0,3,0.0
よ,wipe,actual_s,1.0,0,3,0.0
よ,wipe,actual_s,2.0,0,3,0.0
よ,wipe,actual_s,4.0,0,2,0.0
よ,wipe,actual_s,8.0,0,2,0.0
よ,wipe,actual_s,14.0,0,3,0.0
よ,wipe,actual_s,25.0,1,2,0.5
よ,wipe,actual_s,100.0,3,3,1.0
り,blur,actual_s,26.0,1,4,0.25
り,blur,actual_s,38.0,0,2,0.0
り,blur,actual_s,48.0,2,3,0.6667
り,blur,actual_s,56.0,2,2,1.0
り,blur,actual_s,64.0,2,2,1.0
り,blur,actual_s,72.0,5,5,1.0
り,blur,actual_s,84.0,1,1,1.0
り,blur,actual_s,100.0,2,2,1.0
り,fade,actual_s,0.4,0,4,0.0
り,fade,actual_s,0.8,0,2,0.0
り,fade,actual_s,1.4,2,5,0.4
り,fade,actual_s,2.2,3,4,0.75
り,fade,actual_s,3.5,1,2,0.5
り,fade,actual_s,6.0,4,6,0.6667
り,fade,actual_s,12.0,2,2,1.0
り,fade,actual_s,100.0,5,5,1.0
り,reveal,actual_s,0.1,1,2,0.5
り,reveal,actual_s,0.3,2,3,0.6667
り,reveal,actual_s,0.5,0,2,0.0
り,reveal,actual_s,1.0,2,3,0.6667
り,reveal,actual_s,2.0,3,3,1.0
り,reveal,actual_s,4.0,1,2,0.5
り,reveal,actual_s,9.0,4,4,1.0
り,reveal,actual_s,100.0,2,2,1.0
り,wipe,actual_s,0.5,0,3,0.0
り,wipe,actual_s,1.0,2,4,0.5
り,wipe,actual_s,2.0,1,3,0.3333
り,wipe,actual_s,4.0,0,3,0.0
り,wipe,actual_s,8.0,1,4,0.25
り,wipe,actual_s,14.0,1,3,0.3333
り,wipe,actual_s,25.0,0,3,0.0
り,wipe,actual_s,100.0,4,4,1.0
る,blur,actual_s,26.0,1,1,1.0
る,blur,actual_s,38.0,1,5,0.2
る,blur,actual_s,48.0,2,3,0.6667
る,blur,actual_s,64.0,4,5,0.8
る,blur,actual_s,72.0,2,2,1.0
る,blur,actual_s,84.0,2,2,1.0
る,blur,actual_s,100.0,4,4,1.0
る,fade,actual_s,0.4,0,2,0.0
る,fade,actual_s,0.8,1,6,0.1667
る,fade,actual_s,1.4,1,3,0.3333
る,fade,actual_s,3.5,6,6,1.0
る,fade,actual_s,6.0,3,3,1.0
る,fade,actual_s,12.0,2,2,1.0
る,fade,actual_s,100.0,5,5,1.0
る,reveal,actual_s,0.1,0,2,0.0
る,reveal,actual_s,0.3,0,1,0.0
る,reveal,actual_s,0.5,0,1,0.0
る,reveal,actual_s,1.0,0,2,0.0
る,reveal,actual_s,4.0,1,1,1.0
る,reveal,actual_s,9.0,2,2,1.0
る,wipe,actual_s,0.5,0,4,0.0
る,wipe,actual_s,1.0,0,4,0.0
る,wipe,actual_s,2.0,1,6,0.1667
る,wipe,actual_s,4.0,0,4,0.0
る,wipe,actual_s,8.0,0,5,0.0
る,wipe,actual_s,14.0,1,5,0.2
る,wipe,actual_s,25.0,4,4,1.0
る,wipe,actual_s,100.0,7,7,1.0
れ,blur,actual_s,26.0,0,2,0.0
れ,blur,actual_s,38.0,1,2,0.5
れ,blur,actual_s,48.0,1,3,0.3333
れ,blur,actual_s,64.0,3,3,1.0
れ,blur,actual_s,72.0,2,2,1.0
れ,blur,actual_s,84.0,2,2,1.0
れ,blur,actual_s,100.0,1,1,1.0
れ,fade,actual_s,0.4,0,2,0.0
れ,fade,actual_s,0.8,0,3,0.0
れ,fade,actual_s,1.4,3,4,0.75
れ,fade,actual_s,2.2,3,3,1.0
れ,fade,actual_s,3.5,2,2,1.0
れ,fade,actual_s,6.0,3,3,1.0
れ,fade,actual_s,12.0,4,4,1.0
れ,fade,actual_s,100.0,3,3,1.0
れ,reveal,actual_s,0.1,0,5,0.0
れ,reveal,actual_s,0.3,0,3,0.0
れ,reveal,actual_s,0.5,0,2,0.0
れ,reveal,actual_s,1.0,1,4,0.25
れ,reveal,actual_s,2.0,2,2,1.0
れ,reveal,actual_s,4.0,2,4,0.5
れ,reveal,actual_s,9.0,3,3,1.0
れ,reveal,actual_s,100.0,1,1,1.0
れ,wipe,actual_s,0.5,0,5,0.0
れ,wipe,actual_s,2.0,0,3,0.0
れ,wipe,actual_s,4.0,0,4,0.0
れ,wipe,actual_s,8.0,2,2,1.0
れ,wipe,actual_s,14.0,1,3,0.3333
れ,wipe,actual_s,25.0,0,2,0.0
れ,wipe,actual_s,100.0,2,2,1.0
ろ,blur,actual_s,26.0,1,5,0.2
ろ,blur,actual_s,38.0,2,4,0.5
ろ,blur,actual_s,48.0,0,2,0.0
ろ,blur,actual_s,56.0,6,7,0.8571
ろ,blur,actual_s,64.0,1,3,0.3333
ろ,blur,actual_s,72.0,2,2,1.0
ろ,blur,actual_s,84.0,7,8,0.875
ろ,blur,actual_s,100.0,2,2,1.0
ろ,fade,actual_s,0.4,0,2,0.0
ろ,fade,actual_s,0.8,0,2,0.0
ろ,fade,actual_s,1.4,4,5,0.8
ろ,fade,actual_s,2.2,3,3,1.0
ろ,fade,actual_s,3.5,2,2,1.0
ろ,fade,actual_s,6.0,4,4,1.0
ろ,fade,actual_s,12.0,1,2,0.5
ろ,fade,actual_s,100.0,4,4,1.0
ろ,reveal,actual_s,0.3,0,3,0.0
ろ,reveal,actual_s,1.0,0,1,0.0
ろ,reveal,actual_s,2.0,2,2,1.0
ろ,reveal,actual_s,9.0,2,2,1.0
ろ,reveal,actual_s,100.0,1,1,1.0
ろ,wipe,actual_s,0.5,0,3,0.0
ろ,wipe,actual_s,1.0,0,4,0.0
ろ,wipe,actual_s,2.0,1,4,0.25
ろ,wipe,actual_s,4.0,0,3,0.0
ろ,wipe,actual_s,8.0,1,6,0.1667
ろ,wipe,actual_s,14.0,0,4,0.0
ろ,wipe,actual_s,25.0,1,4,0.25
ろ,wipe,actual_s,100.0,5,5,1.0
わ,blur,actual_s,26.0,1,2,0.5
わ,blur,actual_s,38.0,1,4,0.25
わ,blur,actual_s,56.0,2,4,0.5
わ,blur,actual_s,64.0,2,2,1.0
わ,blur,actual_s,84.0,5,5,1.0
わ,blur,actual_s,100.0,1,1,1.0
わ,fade,actual_s,0.4,0,1,0.0
わ,fade,actual_s,0.8,0,4,0.0
わ,fade,actual_s,1.4,1,1,1.0
わ,fade,actual_s,2.2,0,2,0.0
わ,fade,actual_s,3.5,3,4,0.75
わ,fade,actual_s,12.0,4,4,1.0
わ,fade,actual_s,100.0,2,2,1.0
わ,reveal,actual_s,0.1,1,4,0.25
わ,reveal,actual_s,0.3,0,1,0.0
わ,reveal,actual_s,0.5,0,2,0.0
わ,reveal,actual_s,1.0,0,3,0.0
わ,reveal,actual_s,2.0,1,2,0.5
わ,reveal,actual_s,4.0,3,3,1.0
わ,reveal,actual_s,9.0,2,2,1.0
わ,reveal,actual_s,100.0,1,1,1.0
わ,wipe,actual_s,0.5,1,2,0.5
わ,wipe,actual_s,1.0,0,5,0.0
わ,wipe,actual_s,2.0,0,5,0.0
わ,wipe,actual_s,4.0,0,2,0.0
わ,wipe,actual_s,8.0,3,6,0.5
わ,wipe,actual_s,14.0,0,4,0.0
わ,wipe,actual_s,25.0,0,2,0.0
わ,wipe,actual_s,100.0,7,7,1.0
を,blur,actual_s,26.0,1,2,0.5
を,blur,actual_s,38.0,1,4,0.25
を,blur,actual_s,48.0,1,1,1.0
を,blur,actual_s,56.0,1,3,0.3333
を,blur,actual_s,64.0,4,4,1.0
を,blur,actual_s,72.0,1,2,0.5
を,blur,actual_s,84.0,2,2,1.0
を,blur,actual_s,100.0,3,3,1.0
を,fade,actual_s,0.4,0,3,0.0
を,fade,actual_s,0.8,1,3,0.3333
を,fade,actual_s,1.4,0,1,0.0
を,fade,actual_s,2.2,2,3,0.6667
を,fade,actual_s,3.5,4,4,1.0
を,fade,actual_s,6.0,2,2,1.0
を,fade,actual_s,12.0,4,4,1.0
を,fade,actual_s,100.0,1,1,1.0
を,reveal,actual_s,0.1,0,4,0.0
を,reveal,actual_s,0.3,1,5,0.2
を,reveal,actual_s,0.5,1,4,0.25
を,reveal,actual_s,1.0,2,3,0.6667
を,reveal,actual_s,2.0,5,8,0.625
を,reveal,actual_s,4.0,2,2,1.0
を,reveal,actual_s,9.0,5,5,1.0
を,reveal,actual_s,100.0,5,5,1.0
を,wipe,actual_s,0.5,0,5,0.0
を,wipe,actual_s,1.0,0,6,0.0
を,wipe,actual_s,2.0,0,2,0.0
を,wipe,actual_s,4.0,1,7,0.1429
を,wipe,actual_s,8.0,0,5,0.0
を,wipe,actual_s,14.0,0,2,0.0
を,wipe,actual_s,25.0,0,7,0.0
を,wipe,actual_s,100.0,5,5,1.0
ゔ,blur,actual_s,26.0,1,2,0.5
ゔ,blur,actual_s,38.0,0,2,0.0
ゔ,blur,actual_s,48.0,0,2,0.0
ゔ,blur,actual_s,56.0,1,1,1.0
ゔ,blur,actual_s,64.0,1,2,0.5
ゔ,blur,actual_s,72.0,1,3,0.3333
ゔ,blur,actual_s,84.0,0,1,0.0
ゔ,blur,actual_s,100.0,2,2,1.0
ゔ,fade,actual_s,0.4,0,3,0.0
ゔ,fade,actual_s,0.8,0,4,0.0
ゔ,fade,actual_s,1.4,2,2,1.0
ゔ,fade,actual_s,2.2,2,4,0.5
ゔ,fade,actual_s,3.5,2,3,0.6667
ゔ,fade,actual_s,6.0,2,2,1.0
ゔ,fade,actual_s,12.0,4,5,0.8
ゔ,fade,actual_s,100.0,4,4,1.0
ゔ,reveal,actual_s,0.1,0,1,0.0
ゔ,reveal,actual_s,0.3,0,5,0.0
ゔ,reveal,actual_s,0.5,0,1,0.0
ゔ,reveal,actual_s,1.0,0,3,0.0
ゔ,reveal,actual_s,2.0,0,2,0.0
ゔ,reveal,actual_s,4.0,0,1,0.0
ゔ,reveal,actual_s,9.0,4,5,0.8
ゔ,wipe,actual_s,0.5,0,5,0.0
ゔ,wipe,actual_s,1.0,0,4,0.0
ゔ,wipe,actual_s,2.0,0,5,0.0
ゔ,wipe,actual_s,4.0,0,2,0.0
ゔ,wipe,actual_s,8.0,0,4,0.0
ゔ,wipe,actual_s,14.0,0,7,0.0
ゔ,wipe,actual_s,25.0,0,4,0.0
ゔ,wipe,actual_s,100.0,2,2,1.0
